symbol,name,sector,subSector,headQuarter,dateFirstAdded,cik,founded,market_cap,date,stock_price,fmp_dcf_calc,margin_of_safety,% weight
MMM,3M,Industrials,Industrial Conglomerates,"Saint Paul, Minnesota",1976-08-09,0000066740,1902,84266262528,2022-05-04,148.08,155.8777105757731,0.05265876942040178,0.0021544226312021713
AOS,A. O. Smith,Industrials,Building Products,"Milwaukee, Wisconsin",2017-07-26,0000091142,1916,9280059392,2022-05-04,59.1,61.826255196674126,0.04612952955455371,0.00023726185751245027
ABT,Abbott,Health Care,Health Care Equipment,"North Chicago, Illinois",1964-03-31,0000001800,1888,198268059648,2022-05-04,112.43,117.916562150056,0.048799805657351134,0.005069089122212567
ABBV,AbbVie,Health Care,Pharmaceuticals,"North Chicago, Illinois",2012-12-31,0001551152,2013,264235483136,2022-05-04,149.6,155.12139753739405,0.03690773754942548,0.006755668137597528
ABMD,Abiomed,Health Care,Health Care Equipment,"Danvers, Massachusetts",2018-05-31,0000815094,1981,13019949056,2022-05-04,285.87,288.7779563865657,0.01017230344760091,0.00033287904389998473
ACN,Accenture,Information Technology,IT Consulting & Other Services,"Dublin, Ireland",2011-07-06,0001467373,1989,193228144640,2022-05-04,304.82,317.4660127802329,0.04148682100988427,0.004940234386914882
ATVI,Activision Blizzard,Communication Services,Interactive Home Entertainment,"Santa Monica, California",2015-08-31,0000718877,2008,61391757312,2022-05-04,78.78,92.17717223650385,0.17005803803635247,0.001569593658889233
ADM,ADM,Consumer Staples,Agricultural Products,"Chicago, Illinois",1981-07-29,0000007084,1902,50508668928,2022-05-04,89.76,91.43495559502664,0.01866037873247138,0.0012913474045941386
ADBE,Adobe,Information Technology,Application Software,"San Jose, California",1997-05-05,0000796343,1982,192581550080,2022-05-04,407.58,415.571683991684,0.0196076451044801,0.004923703002805929
ADP,ADP,Information Technology,Data Processing & Outsourced Services,"Roseland, New Jersey",1981-03-31,0000008670,1949,92648022016,2022-05-04,221.54,227.55541695865452,0.027152735211043274,0.0023687177926167468
AAP,Advance Auto Parts,Consumer Discretionary,Automotive Retail,"Raleigh, North Carolina",2015-07-09,0001158449,1932,12213332992,2022-05-04,199.92,208.63596887091865,0.04359728326790045,0.0003122564145007588
AES,AES,Utilities,Independent Power Producers & Energy Traders,"Arlington, Virginia",1998-10-02,0000874761,1981,13828423680,2022-05-04,20.72,22.131676646706588,0.06813111229278904,0.00035354919081814784
AFL,Aflac,Financials,Life & Health Insurance,"Columbus, Georgia",1999-05-28,0000004977,1955,37378613248,2022-05-04,57.92,64.9725780796211,0.12176412430285047,0.0009556532814978736
A,Agilent Technologies,Health Care,Health Care Equipment,"Santa Clara, California",2000-06-05,0001090872,1999,36733829120,2022-05-04,122.4,127.23387622149838,0.039492452790019374,0.0009391681844266516
AIG,AIG,Financials,Property & Casualty Insurance,"New York City, New York",1980-03-31,0000005272,1919,47995940864,2022-05-04,59.53,62.05844367419731,0.04247343648911986,0.0012271048709308042
APD,Air Products,Materials,Industrial Gases,"Allentown, Pennsylvania",1985-04-30,0000002969,1940,53012533248,2022-05-04,239.1,259.1849438202247,0.08400227444677838,0.0013553633202718417
AKAM,Akamai,Information Technology,Internet Services & Infrastructure,"Cambridge, Massachusetts",2007-07-12,0001086222,1998,18310533120,2022-05-04,113.8,117.04868503083898,0.028547320130395296,0.0004681425965699726
ALK,Alaska Air Group,Industrials,Airlines,"Seattle, Washington",2016-05-13,0000766421,1985,6690229248,2022-05-04,53.06,56.867209396516806,0.07175290984765932,0.0001710480667756273
ALB,Albemarle,Materials,Specialty Chemicals,"Charlotte, North Carolina",2016-07-01,0000915913,1994,23085117440,2022-05-04,197.12,201.23272563852896,0.020864070812342518,0.000590213662795
ARE,Alexandria,Real Estate,Office REITs,"Pasadena, California",2017-03-20,0001035443,1994,29462480896,2022-05-04,180.51,183.3667317574512,0.0158258919586239,0.0007532627377725774
ALGN,Align,Health Care,Health Care Supplies,"San Jose, California",2017-06-19,0001097149,1997,23721940992,2022-05-04,301.02,314.8956784046447,0.04609553652463193,0.0006064952330385535
ALLE,Allegion,Industrials,Building Products,"New York City, New York",2013-12-02,0001579241,1908,10132684800,2022-05-04,115.4,119.68771551724137,0.03715524711647631,0.0002590608007647728
LNT,Alliant Energy,Utilities,Electric Utilities,"Madison, Wisconsin",2016-07-01,0000352541,1917,14496818176,2022-05-04,57.8,57.95556441962505,0.00269142594507009,0.00037063793055280603
ALL,Allstate,Financials,Property & Casualty Insurance,"Northfield Township, Illinois",1995-07-13,0000899051,1931,35815645184,2022-05-04,129.78,132.19838351822503,0.018634485423216426,0.0009156931163272757
GOOGL,Alphabet (Class A),Communication Services,Interactive Media & Services,"Mountain View, California",2014-04-03,0001652044,1998,1548909674496,2022-05-04,2346.68,2377.587191363399,0.013170603304838883,0.0396007364787699
GOOG,Alphabet (Class C),Communication Services,Interactive Media & Services,"Mountain View, California",2006-04-03,0001652044,1998,1551770451968,2022-05-04,2362.59,2393.5499582569005,0.01310424502639067,0.039673877538354246
MO,Altria,Consumer Staples,Tobacco,"Richmond, Virginia",1957-03-04,0000764180,1985,100496637952,2022-05-04,55.44,57.92034934497816,0.044739346049389714,0.0025693821544722855
AMZN,Amazon,Consumer Discretionary,Internet & Direct Marketing Retail,"Seattle, Washington",2005-11-18,0001018724,1994,1264204906496,2022-05-04,2485.07,2556.0896078431374,0.02857851402300025,0.032321733269311655
AMCR,Amcor,Materials,Paper Packaging,"Warmley, Bristol, United Kingdom",2019-06-07,0001748790,2019,18119348224,2022-05-04,11.97,12.516272493573265,0.04563679979726517,0.0004632546016081744
AMD,AMD,Information Technology,Semiconductors,"Santa Clara, California",,0000002488,1969,148301316096,2022-05-04,91.13,93.23024855012427,0.023046730496261138,0.0037915970407269997
AEE,Ameren,Utilities,Multi-Utilities,"St. Louis, Missouri",1991-09-19,0001002910,1902,23852861440,2022-05-04,92.42,92.45216726980297,0.00034805528893062856,0.0006098424560860288
AAL,American Airlines Group,Industrials,Airlines,"Fort Worth, Texas",2015-03-23,0000006201,1934,12425221120,2022-05-04,19.13,19.694180140859043,0.029491904906379714,0.0003176737258250219
AEP,American Electric Power,Utilities,Electric Utilities,"Columbus, Ohio",1957-03-04,0000004904,1906,50625167360,2022-05-04,98.58,99.39129968385237,0.008229860862775091,0.0012943259021668413
AXP,American Express,Financials,Consumer Finance,"New York City, New York",1976-06-30,0000004962,1850,129609154560,2022-05-04,172.11,198.81223325062035,0.1551463206706196,0.003313697408880103
AMT,American Tower,Real Estate,Specialized REITs,"Boston, Massachusetts",2007-11-19,0001053507,1995,109968769024,2022-05-04,241.01,245.38095385829314,0.018135985470698928,0.0028115546792172774
AWK,American Water,Utilities,Water Utilities,"Camden, New Jersey",2016-03-04,0001410636,1886,27193882624,2022-05-04,149.62,150.25736263736263,0.004259875934785644,0.0006952618331201501
AMP,Ameriprise Financial,Financials,Asset Management & Custody Banks,"Minneapolis, Minnesota",2005-10-03,0000820027,1894,29957107712,2022-05-04,272.09,326.54505171042166,0.20013617446588147,0.0007659087858399849
ABC,AmerisourceBergen,Health Care,Health Care Distributors,"Chesterbrook, Pennsylvania",2001-08-30,0001140859,1985,31529492480,2022-05-04,150.76,162.9785594704147,0.08104642790139761,0.000806109706439865
AME,Ametek,Industrials,Electrical Components & Equipment,"Berwyn, Pennsylvania",2013-09-23,0001037868,1930,28736868352,2022-05-04,124.31,125.81020333117024,0.012068243352668654,0.0007347111129659315
AMGN,Amgen,Health Care,Biotechnology,"Thousand Oaks, California",1992-01-02,0000318154,1980,124035899392,2022-05-04,232.19,245.7306779661017,0.05831723143159351,0.00317120684737675
APH,Amphenol,Information Technology,Electronic Components,"Wallingford, Connecticut",2008-09-30,0000820313,1932,43004809216,2022-05-04,71.97,73.92284552845528,0.027134160462071486,0.0010994973723285305
ADI,Analog Devices,Information Technology,Semiconductors,"Wilmington, Massachusetts",1999-10-12,0000006281,1965,83139051520,2022-05-04,158.87,163.79903849604275,0.03102560896357242,0.0021256033999591997
ANSS,Ansys,Information Technology,Application Software,"Canonsburg, Pennsylvania",2017-06-19,0001013462,1969,24359475200,2022-05-04,279.91,287.5590124644854,0.02732668523627378,0.0006227949725152433
ANTM,Anthem,Health Care,Managed Health Care,"Indianapolis, Indiana",2002-07-25,0001156039,2014,120176050176,2022-05-04,498.48,517.669933149823,0.038496896866118985,0.00307252267349144
AON,Aon,Financials,Insurance Brokers,"London, UK",1996-04-23,0000315293,1982,60877762560,2022-05-04,284.55,286.8837623337623,0.00820158964597543,0.001556452433767732
APA,APA Corporation,Energy,Oil & Gas Exploration & Production,"Houston, Texas",1997-07-28,0000006769,1954,14751336448,2022-05-04,42.52,43.3189417989418,0.018789788310014047,0.0003771451602411889
AAPL,Apple,Information Technology,"Technology Hardware, Storage & Peripherals","Cupertino, California",1982-11-30,0000320193,1977,2602617798656,2022-05-04,159.48,161.55175617030832,0.012990695825861133,0.06654073074536707
AMAT,Applied Materials,Information Technology,Semiconductor Equipment,"Santa Clara, California",1995-03-16,0000006951,1967,100530356224,2022-05-04,113.8,119.23525571273123,0.047761473749835096,0.002570244224369567
APTV,Aptiv,Consumer Discretionary,Auto Parts & Equipment,"Dublin, Ireland",2012-12-24,0001521332,1994,29153163264,2022-05-04,107.61,119.20586257850019,0.10775822487222553,0.0007453544612379533
ANET,Arista,Information Technology,Communications Equipment,"Santa Clara, California",2018-08-28,0001596532,2004,35041419264,2022-05-04,114.03,115.98310199458881,0.017127966277197284,0.0008958986007801186
AIZ,Assurant,Financials,Multi-line Insurance,"New York City, New York",2007-04-10,0001267238,1892,10565254144,2022-05-04,183.08,215.38139288835643,0.17643321437817575,0.00027012023494779727
T,AT&T,Communication Services,Integrated Telecommunication Services,"Dallas, Texas",1983-11-30,0000732717,1983,138383474688,2022-05-04,19.33,22.277097313100377,0.15246235453183543,0.003538029108068668
ATO,Atmos Energy,Utilities,Gas Utilities,"Dallas, Texas",2019-02-15,0000731802,1906,15250997248,2022-05-04,112.61,113.50901720658688,0.00798345801071731,0.0003899199114067208
ADSK,Autodesk,Information Technology,Application Software,"San Rafael, California",1989-12-01,0000769397,1982,41988251648,2022-05-04,193.22,200.10468468468468,0.035631325352886274,0.0010735072006427824
AZO,AutoZone,Consumer Discretionary,Specialty Stores,"Memphis, Tennessee",1997-01-02,0000866787,1979,39227183104,2022-05-04,1976.29,2027.6665954647133,0.025996486074773093,0.0010029153839531855
AVB,AvalonBay Communities,Real Estate,Residential REITs,"Arlington, Virginia[3]",2007-01-10,0000915912,1978,31101116416,2022-05-04,222.44,225.43249059325908,0.013453023706433543,0.0007951574812045254
AVY,Avery Dennison,Materials,Paper Packaging,"Glendale, California",1987-12-31,0000008818,1990,14920308736,2022-05-04,181.17,183.1046016646849,0.010678377571810562,0.000381465248855446
BKR,Baker Hughes,Energy,Oil & Gas Equipment & Services,"Houston, Texas",2017-07-07,0001701605,2017,34142851072,2022-05-04,31.5,37.20814814814815,0.18121105232216342,0.0008729250454040277
BLL,Ball,Materials,Metal & Glass Containers,"Broomfield, Colorado",1984-10-31,0000009389,1880,26246232064,2022-05-04,81.71,83.40163048540481,0.020702857488738406,0.000671033396356896
BAC,Bank of America,Financials,Diversified Banks,"Charlotte, North Carolina",1976-06-30,0000070858,1998,299345772544,2022-05-04,37.13,77.52661699007605,1.0879778343677902,0.007653327530803897
BBWI,Bath & Body Works,Consumer Discretionary,Specialty Stores,"Columbus, Ohio",1983-09-30,0000701985,1963,12699592704,2022-05-04,53.25,60.27154005542014,0.13185990714404017,0.00032468854210136944
BAX,Baxter,Health Care,Health Care Equipment,"Deerfield, Illinois",1972-09-30,0000010456,1931,36279267328,2022-05-04,72.05,77.75793036750484,0.07922179552400893,0.0009275464726930951
BDX,Becton Dickinson,Health Care,Health Care Equipment,"Franklin Lakes, New Jersey",1972-09-30,0000010795,1897,70834683904,2022-05-04,248.83,256.646110842928,0.031411448952811144,0.0018110195171658556
WRB,Berkley,Financials,Property & Casualty Insurance,"Greenwich, Connecticut",2019-12-05,0000011544,1967,17836410880,2022-05-04,67.26,72.80078571188916,0.08237861599597318,0.0004560207858574961
BRK-B,Berkshire Hathaway,Financials,Multi-Sector Holdings,"Omaha, Nebraska",2010-02-16,0001067983,1839,705395359744,2022-05-04,318.99,355.8608094868315,0.11558609826900997,0.01803473515242827
BBY,Best Buy,Consumer Discretionary,Computer & Electronics Retail,"Richfield, Minnesota",1999-06-29,0000764478,1966,21293221888,2022-05-04,94.65,106.42697553148817,0.1244265771948036,0.0005444005435920861
BIO,Bio-Rad,Health Care,Life Sciences Tools & Services,"Hercules, California",2020-06-22,0000012208,1952,15082300416,2022-05-04,500.93,516.5395159151194,0.031161072235880067,0.0003856068653338379
TECH,Bio-Techne,Health Care,Life Sciences Tools & Services,"Minneapolis, Minnesota",2021-08-30,0000842023,1976,15064312832,2022-05-04,383.43,388.3478914606131,0.012826047676533076,0.000385146979527969
BIIB,Biogen,Health Care,Biotechnology,"Cambridge, Massachusetts",2003-11-13,0000875045,1978,30268962816,2022-05-04,205.7,219.71983880967142,0.06815672731974443,0.0007738819375326954
BLK,BlackRock,Financials,Asset Management & Custody Banks,"New York City, New York",2011-04-04,0001364742,1988,95748210688,2022-05-04,631.06,739.6297288324581,0.17204343300551164,0.002447979841692841
BK,BNY Mellon,Financials,Asset Management & Custody Banks,"New York City, New York",1995-03-31,0001390777,1784,34824171520,2022-05-04,43.11,179.05856775355906,3.153527435712342,0.0008903442609742479
BA,Boeing,Industrials,Aerospace & Defense,"Chicago, Illinois",1957-03-04,0000012927,1916,90863452160,2022-05-04,153.58,167.73114235500879,0.09214183067462411,0.002323091968361754
BKNG,Booking Holdings,Consumer Discretionary,Internet & Direct Marketing Retail,"Norwalk, Connecticut",2009-11-06,0001075531,1996,85881716736,2022-05-04,2105.93,2376.26527696793,0.12836859580704488,0.0021957247015797383
BWA,BorgWarner,Consumer Discretionary,Auto Parts & Equipment,"Auburn Hills, Michigan",2011-12-19,0000908255,1880,9152569344,2022-05-04,38.14,45.845162948438656,0.20202315019503553,0.00023400233897651206
BXP,Boston Properties,Real Estate,Office REITs,"Boston, Massachusetts",2006-04-03,0001037540,1970,19021096960,2022-05-04,121.38,124.27079043155085,0.023816035850641414,0.0004863094734657083
BSX,Boston Scientific,Health Care,Health Care Equipment,"Marlborough, Massachusetts[4]",1995-02-24,0000885725,1979,59708125184,2022-05-04,41.77,43.1287915578457,0.03253032218926738,0.0015265484940704302
BMY,Bristol Myers Squibb,Health Care,Health Care Distributors,"New York City, New York",1957-03-04,0000014272,1989,159496273920,2022-05-04,75.05,81.24087688219663,0.0824900317414608,0.004077816813241122
AVGO,Broadcom,Information Technology,Semiconductors,"San Jose, California",2014-05-08,0001730168,1961,237280657408,2022-05-04,581.17,609.5219813519814,0.04878431672657124,0.006066518235533015
BR,Broadridge,Information Technology,Data Processing & Outsourced Services,"Lake Success, New York",2018-06-18,0001383312,1962,17100238848,2022-05-04,146.44,148.770220713073,0.01591246048260724,0.00043719918823802314
BRO,Brown & Brown,Financials,Insurance Brokers,"Daytona Beach, Florida",2021-09-20,0000079282,1939,16974675968,2022-05-04,59.96,63.175350150616055,0.05362491912301624,0.00043398894131125296
BF-B,Brown–Forman,Consumer Staples,Distillers & Vintners,"Louisville, Kentucky",1982-10-31,0000014693,1870,30912468992,2022-05-04,66.16,68.55245896932868,0.036161713563009165,0.0007903343614008134
CHRW,C.H. Robinson,Industrials,Air Freight & Logistics,"Eden Prairie, Minnesota",2007-03-02,0001043277,1905,13822360576,2022-05-04,108.61,110.53337522602627,0.017709006776781753,0.0003533941763665624
CDNS,Cadence,Information Technology,Application Software,"San Jose, California",2017-09-18,0000813672,1988,42149765120,2022-05-04,152.85,156.75499824283327,0.025547911304110386,0.0010776365908504615
CZR,Caesars Entertainment,Consumer Discretionary,Casinos & Gaming,"Reno, Nevada",2021-03-22,0001590895,1973,14503822336,2022-05-04,67.65,72.65,0.07390983000739097,0.00037081700483904893
CPT,Camden,Real Estate,Residential REITs,"Houston, Texas",2022-04-04,0000906345,1981,16256322560,2022-05-04,152.61,158.5751557440022,0.03908758104974887,0.0004156229097232001
CPB,Campbell's,Consumer Staples,Packaged Foods & Meats,"Camden, New Jersey",1957-03-04,0000016732,1869,14216292352,2022-05-04,47.12,47.34622950819672,0.004801135572935565,0.0003634657697647158
COF,Capital One,Financials,Consumer Finance,"Tysons Corner, Virginia",1998-07-01,0000927628,1994,51331346432,2022-05-04,128.65,179.90147301437662,0.3983791139866041,0.0013123806743705166
CAH,Cardinal Health,Health Care,Health Care Distributors,"Dublin, Ohio",1997-05-27,0000721371,1971,16288415744,2022-05-04,58.79,70.37843537414966,0.1971157573422293,0.0004164434312444193
KMX,CarMax,Consumer Discretionary,Specialty Stores,"Richmond, Virginia",2010-06-28,0001170010,1993,15262347264,2022-05-04,95.07,95.69201982644293,0.0065427561422418965,0.0003902100955278782
CCL,Carnival,Consumer Discretionary,"Hotels, Resorts & Cruise Lines","Miami, Florida",1998-12-22,0000815097,1972,20558270464,2022-05-04,17.49,25.44992876224399,0.4551131367778154,0.0005256101530704496
CARR,Carrier,Industrials,Building Products,"Palm Beach Gardens, Florida",2020-04-03,0001783180,2020,32738408448,2022-05-04,38.38,41.73504885993486,0.0874165935366038,0.0008370178758844924
CTLT,Catalent,Health Care,Pharmaceuticals,"Somerset, New Jersey",2020-09-21,0001596783,2007,17903843328,2022-05-04,99.95,105.22058823529412,0.05273224847717972,0.0004577448209302548
CAT,Caterpillar,Industrials,Construction Machinery & Heavy Trucks,"Deerfield, Illinois",1957-03-04,0000018230,1925,113939357696,2022-05-04,213.62,230.67492075193513,0.07983765917018598,0.002913070111817713
CBOE,Cboe,Financials,Financial Exchanges & Data,"Chicago, Illinois",2017-03-01,0001374310,1973,11930334208,2022-05-04,112.35,115.478087831656,0.027842348301344046,0.0003050210279230083
CBRE,CBRE,Real Estate,Real Estate Services,"Dallas, Texas",2006-11-10,0001138118,1906,27637231616,2022-05-04,83.58,90.72277279372835,0.08546031100416793,0.0007065968689130106
CDW,CDW,Information Technology,Technology Distributors,"Lincolnshire, Illinois",2019-09-23,0001402057,1984,22646355968,2022-05-04,167.68,169.5170106761566,0.010955454891200983,0.0005789959154235382
CE,Celanese,Materials,Specialty Chemicals,"Irving, Texas",2018-12-24,0001306830,1918,16241079296,2022-05-04,150.34,154.86320675105486,0.030086515571736448,0.00041523318752656084
CNC,Centene,Health Care,Managed Health Care,"St. Louis, Missouri",2016-03-30,0001071739,1984,46989815808,2022-05-04,80.34,102.55447005669618,0.27650572637162274,0.0012013814256819338
CNP,CenterPoint Energy,Utilities,Multi-Utilities,"Houston, Texas",1985-07-31,0001130310,1882,19222853632,2022-05-04,30.54,30.91766830870279,0.012366349335389366,0.000491467755405748
CDAY,Ceridian,Information Technology,Application Software,"Minneapolis, Minnesota",2021-09-20,0001725057,1992,8692092928,2022-05-04,57.16,59.66384142076043,0.04380408363821607,0.0002222294089567948
CERN,Cerner,Health Care,Health Care Technology,"North Kansas City, Missouri",2010-04-30,0000804753,1979,27674146816,2022-05-04,94.14,96.0633994958734,0.020431267217690646,0.0007075406741789548
CF,CF Industries,Materials,Fertilizers & Agricultural Chemicals,"Deerfield, Illinois",2008-08-27,0001324404,1946,21049415680,2022-05-04,100.66,108.51316378185503,0.07801672741759419,0.0005381671876037598
CRL,Charles River,Health Care,Life Sciences Tools & Services,"Wilmington, Massachusetts",2021-05-14,0001100682,1947,12760201216,2022-05-04,251.19,255.88059795819154,0.018673505944470505,0.00032623811064729733
SCHW,Charles Schwab,Financials,Investment Banking & Brokerage,"Westlake, Texas",1997-06-02,0000316709,1971,131647537152,2022-05-04,69.46,113.52927921623512,0.6344555026811853,0.0033658124244925983
CHTR,Charter Communications,Communication Services,Cable & Satellite,"Stamford, Connecticut",2016-09-08,0001091667,1993,81503248384,2022-05-04,425.62,428.49184343252443,0.006747435347315514,0.002083781071655285
CVX,Chevron,Energy,Integrated Oil & Gas,"San Ramon, California",1957-03-04,0000093410,1879,319270125568,2022-05-04,162.49,165.4243180988116,0.01805845343597506,0.008162730413751313
CMG,Chipotle Mexican Grill,Consumer Discretionary,Restaurants,"Newport Beach, California",2011-04-28,0001058090,1993,40507961344,2022-05-04,1447.54,1476.2341863738739,0.019822724328083432,0.0010356608451024848
CB,Chubb,Financials,Property & Casualty Insurance,"Zurich, Switzerland",2010-07-15,0000896159,1985,87953932288,2022-05-04,207.58,211.23902073224525,0.01762703888739396,0.0022487047193000503
CHD,Church & Dwight,Consumer Staples,Household Products,"Ewing, New Jersey",2015-12-29,0000313927,1847,23223476224,2022-05-04,95.66,96.6239423076923,0.0100767542096206,0.0005937510606400292
CI,Cigna,Health Care,Managed Health Care,"Bloomfield, Connecticut",1976-06-30,0001739940,1982,78731444224,2022-05-04,247.29,262.32423461809316,0.060795966751963956,0.0020129147791152534
CINF,Cincinnati Financial,Financials,Property & Casualty Insurance,"Fairfield, Ohio",1997-12-18,0000020286,1950,19600832512,2022-05-04,122.17,129.16201964395336,0.057231887075004956,0.0005011314835545771
CTAS,Cintas,Industrials,Diversified Support Services,"Mason, Ohio",2001-03-01,0000723254,1929,39938469888,2022-05-04,390.31,394.8931747240198,0.011742396361916898,0.0010211007442474719
CSCO,Cisco,Information Technology,Communications Equipment,"San Jose, California",1993-12-01,0000858877,1984,207376171008,2022-05-04,49.92,52.085958451369216,0.043388590772620465,0.005301954810719558
C,Citigroup,Financials,Diversified Banks,"New York City, New York",1988-05-31,0000831001,1998,97289191424,2022-05-04,50.1,181.01177058353318,2.613009392884894,0.002487377860215163
CFG,Citizens,Financials,Regional Banks,"Providence, Rhode Island",2016-01-29,0000759944,1828,19965773824,2022-05-04,40.17,62.36420909371009,0.5525070722855386,0.0005104618821986627
CTXS,Citrix,Information Technology,Application Software,"Fort Lauderdale, Florida",1999-12-01,0000877890,1989,12813491200,2022-05-04,101.23,105.30094147743924,0.040214773065684425,0.00032760056750846226
CLX,Clorox,Consumer Staples,Household Products,"Oakland, California",1969-03-31,0000021076,1913,18158438400,2022-05-04,147.56,150.06591127974298,0.01698232095244629,0.0004642540141524781
CME,CME Group,Financials,Financial Exchanges & Data,"Chicago, Illinois",2006-08-11,0001156375,1848,78771150848,2022-05-04,219.16,227.05692134556028,0.03603267633491644,0.0020139299522911828
CMS,CMS Energy,Utilities,Multi-Utilities,"Jackson, Michigan",1999-05-03,0000811156,1886,19581345792,2022-05-04,67.49,69.05077348066298,0.023125996157400918,0.000500633269568144
KO,Coca-Cola,Consumer Staples,Soft Drinks,"Atlanta, Georgia",1957-03-04,0000021344,1886,273453678592,2022-05-04,63.08,65.32011103400417,0.035512223113572806,0.006991348329330873
CTSH,Cognizant,Information Technology,IT Consulting & Other Services,"Teaneck, New Jersey",2006-11-17,0001058290,1994,42501496832,2022-05-04,81.55,84.95684410646388,0.04177613864456014,0.0010866292616740012
CL,Colgate-Palmolive,Consumer Staples,Household Products,"New York City, New York",1957-03-04,0000021665,1806,62615773184,2022-05-04,74.49,75.47078509961099,0.013166668003906534,0.0016008878852673309
CMCSA,Comcast,Communication Services,Cable & Satellite,"Philadelphia, Pennsylvania",2002-11-19,0001166691,1963,180858011648,2022-05-04,40.37,42.23730975348339,0.046254886140287096,0.004623969090823341
CMA,Comerica,Financials,Diversified Banks,"Dallas, Texas",1995-12-01,0000028412,1849,10871386112,2022-05-04,83.14,249.25372820131787,1.9980000986446702,0.0002779470640987224
CAG,Conagra Brands,Consumer Staples,Packaged Foods & Meats,"Chicago, Illinois",1983-08-31,0000023217,1919,16723643392,2022-05-04,34.85,35.012361623616236,0.004658870118112908,0.00042757082987877226
COP,ConocoPhillips,Energy,Oil & Gas Exploration & Production,"Houston, Texas",1957-03-04,0001163165,2002,128218234880,2022-05-04,98.93,102.71571412437291,0.038266593797360776,0.003278135978399182
ED,Con Edison,Utilities,Electric Utilities,"New York City, New York",,0001047862,1823,32684929024,2022-05-04,92.28,95.08146851171985,0.030358349715212903,0.0008356505756398545
STZ,Constellation Brands,Consumer Staples,Distillers & Vintners,"Victor, New York",2005-07-01,0000016918,1945,46960893952,2022-05-04,245.05,246.07095152272308,0.004166298807276338,0.0012006419850180967
CEG,Constellation Energy,Utilities,Multi-Utilities,"Baltimore, Maryland",2022-02-02,0001868275,1999,19501840384,2022-05-04,59.7,61.24459086730003,0.02587254384087153,0.000498600566975677
COO,CooperCompanies,Health Care,Health Care Supplies,"San Ramon, California",2016-09-23,0000711404,1958,17457203200,2022-05-04,354.09,356.015702811245,0.0054384557915925415,0.00044632564116722095
CPRT,Copart,Industrials,Diversified Support Services,"Dallas, Texas",2018-07-02,0000900075,1982,27186280448,2022-05-04,114.47,118.83247867160514,0.03811023562160519,0.0006950674694504033
GLW,Corning,Information Technology,Electronic Components,"Corning, New York",,0000024741,1851,30515830784,2022-05-04,36.13,38.61611111111111,0.06881016083894567,0.000780193573070125
CTVA,Corteva,Materials,Fertilizers & Agricultural Chemicals,"Wilmington, Delaware",2019-06-03,0001755672,2019,41615077376,2022-05-04,57.26,63.336587626056144,0.10612273185567841,0.0010639663111710078
COST,Costco,Consumer Staples,Hypermarkets & Super Centers,"Issaquah, Washington",1993-10-01,0000909832,1976,234057744384,2022-05-04,528.08,553.4161119487967,0.04797779114678961,0.005984118511740891
CTRA,Coterra,Energy,Oil & Gas Exploration & Production,"Houston, Texas",2008-06-23,0000858470,2021,25675595776,2022-05-04,31.66,31.66,0.0,0.0006564440257574358
CCI,Crown Castle,Real Estate,Specialized REITs,"Houston, Texas",2012-03-14,0001051470,1994,79552315392,2022-05-04,183.71,184.38281105990782,0.0036623540357509934,0.0020339018665757056
CSX,CSX,Industrials,Railroads,"Jacksonville, Florida",1967-09-30,0000277948,1980,75077197824,2022-05-04,34.53,35.52290465631929,0.028754840901224727,0.0019194872209447095
CMI,Cummins,Industrials,Industrial Machinery,"Columbus, Indiana",1965-03-31,0000026172,1919,28717621248,2022-05-04,202.13,219.52597315436242,0.08606329171504687,0.0007342190252050804
CVS,CVS Health,Health Care,Health Care Services,"Woonsocket, Rhode Island",1957-03-04,0000064803,1996,126039982080,2022-05-04,95.98,103.05900677200903,0.07375501950415736,0.003222444922595679
DHI,D.R. Horton,Consumer Discretionary,Homebuilding,"Arlington, Texas",2005-06-22,0000882184,1978,25247592448,2022-05-04,71.72,80.49638053581192,0.1223700576660893,0.0006455013302063349
DHR,Danaher,Health Care,Health Care Equipment,"Washington, D.C.",,0000313616,1969,180685897728,2022-05-04,248.51,252.01977198697068,0.014123262592936666,0.0046195686805847866
DRI,Darden,Consumer Discretionary,Restaurants,"Orlando, Florida",,0000940944,1938,16296496128,2022-05-04,130.65,139.86623672230652,0.07054142152549957,0.0004166500211848788
DVA,DaVita,Health Care,Health Care Facilities,"Denver, Colorado",2008-07-31,0000927066,1979,10221433856,2022-05-04,107.5,111.70107687270345,0.039079784862357705,0.0002613298342902682
DE,Deere & Co.,Industrials,Agricultural & Farm Machinery,"Moline, Illinois",1957-03-04,0000315189,1837,119473963008,2022-05-04,389.44,414.971847133758,0.06556041273047965,0.00305457251837078
DAL,Delta Air Lines,Industrials,Airlines,"Atlanta, Georgia",2013-09-11,0000027904,1929,27790643200,2022-05-04,43.35,55.72597503900156,0.2854896202768526,0.0007105191193907549
XRAY,Dentsply Sirona,Health Care,Health Care Supplies,"Charlotte, North Carolina",2008-11-14,0000818479,2016,8764587008,2022-05-04,40.68,42.22653284671533,0.03801703163017035,0.00022408285399986034
DVN,Devon,Energy,Oil & Gas Exploration & Production,"Oklahoma City, Oklahoma",2000-08-30,0001090012,1971,42452312064,2022-05-04,64.28,67.38898379970544,0.048366269441590566,0.0010853717622417176
DXCM,DexCom,Health Care,Health Care Equipment,"San Diego, California",2020-05-12,0001093557,1999,38798983168,2022-05-04,395.4,405.8676616915423,0.02647360063617181,0.0009919676617554532
FANG,Diamondback,Energy,Oil & Gas Exploration & Production,"Midland, Texas",2018-12-03,0001539838,2007,24166467584,2022-05-04,136.11,139.70046714502965,0.026379157630075926,0.0006178603763503
DLR,Digital Realty,Real Estate,Specialized REITs,"Austin, Texas",2016-05-18,0001297996,2004,41391685632,2022-05-04,142.26,142.7628126578557,0.003534462658904214,0.0010582548886579064
DFS,Discover,Financials,Consumer Finance,"Riverwoods, Illinois",2007-07-02,0001393612,1985,32472358912,2022-05-04,115.56,174.96065146579804,0.51402432905675,0.0008302158281350887
DISH,Dish,Communication Services,Cable & Satellite,"Meridian, Colorado",2017-03-13,0001001082,1980,14859947008,2022-05-04,28.09,31.905266168059832,0.13582293229120085,0.00037992198979825857
DIS,Disney,Communication Services,Movies & Entertainment,"Burbank, California",1976-06-30,0001744489,1923,206732541952,2022-05-04,113.55,122.28030634573304,0.07688512854014128,0.0052854992451972956
DG,Dollar General,Consumer Discretionary,General Merchandise Stores,"Goodlettsville, Tennessee",2012-12-03,0000029534,1939,54212894720,2022-05-04,236.96,238.4223047173172,0.006171103634863189,0.0013860527782271017
DLTR,Dollar Tree,Consumer Discretionary,General Merchandise Stores,"Chesapeake, Virginia",2011-12-19,0000935703,1986,37120638976,2022-05-04,164.9,169.1875816993464,0.026001101875963554,0.0009490576927866735
D,Dominion Energy,Utilities,Electric Utilities,"Richmond, Virginia",,0000715957,1983,65851052032,2022-05-04,81.23,81.57938271604938,0.004301153712290736,0.001683603764188208
DPZ,Domino's,Consumer Discretionary,Restaurants,"Ann Arbor, Michigan",2020-05-12,0001286681,1960,12393747456,2022-05-04,343.84,347.7708752822364,0.011432280369463704,0.00031686904347678175
DOV,Dover,Industrials,Industrial Machinery,"Downers Grove, Illinois",1985-10-31,0000029905,1955,19611934720,2022-05-04,136.04,138.69060506050604,0.01948401250004449,0.0005014153320065429
DOW,Dow,Materials,Commodity Chemicals,"Midland, Michigan",2019-04-01,0001751788,2019,49620152320,2022-05-04,68.15,72.13931909212285,0.058537330772162006,0.0012686308365270772
DTE,DTE,Utilities,Multi-Utilities,"Detroit, Michigan",1957-03-04,0000936340,1995,25110900736,2022-05-04,129.61,129.75432989690722,0.0011135706882741212,0.0006420065541358676
DUK,Duke Energy,Utilities,Electric Utilities,"Charlotte, North Carolina",1976-06-30,0001326160,1904,83426254848,2022-05-04,108.36,108.80603381014305,0.004116221946687425,0.002132946283469598
DRE,Duke Realty,Real Estate,Industrial REITs,"Indianapolis, Indiana",2017-07-26,0000783280,1972,20532101120,2022-05-04,53.12,53.301351137734514,0.00341398979168894,0.0005249410854594518
DD,DuPont,Materials,Specialty Chemicals,"Wilmington, Delaware",2019-04-02,0001666700,2017,33756153856,2022-05-04,66.38,70.22438921812272,0.05791487222239724,0.0008630384168936384
DXC,DXC Technology,Information Technology,IT Consulting & Other Services,"Tysons Corner, Virginia",2017-04-04,0001688568,2017,7307447296,2022-05-04,29.89,41.56860234516408,0.3907193825749107,0.00018682838610040782
EMN,Eastman,Materials,Diversified Chemicals,"Kingsport, Tennessee",1994-01-01,0000915389,1920,13533301760,2022-05-04,104.95,108.36010401188707,0.0324926537578568,0.00034600385387858004
ETN,Eaton,Industrials,Electrical Components & Equipment,"Dublin, Ireland",,0001551182,1911,58568970240,2022-05-04,146.58,147.31862223327533,0.005039038294960581,0.001497423894044602
EBAY,eBay,Consumer Discretionary,Internet & Direct Marketing Retail,"San Jose, California",2002-07-22,0001065088,1995,30327109632,2022-05-04,53.46,55.55574468085106,0.039202107760027353,0.0007753685682739262
ECL,Ecolab,Materials,Specialty Chemicals,"Saint Paul, Minnesota",1989-01-31,0000031462,1923,47633928192,2022-05-04,166.38,167.62489795918367,0.007482257237550635,0.0012178493483771652
EIX,Edison International,Utilities,Electric Utilities,"Rosemead, California",1957-03-04,0000827052,1886,26054062080,2022-05-04,68.42,69.44631578947369,0.01500023077278113,0.0006661202158010385
EW,Edwards Lifesciences,Health Care,Health Care Equipment,"Irvine, California",2011-04-01,0001099800,1958,65862189056,2022-05-04,105.93,107.29583821434227,0.012893780934034375,0.0016838885027755147
EA,Electronic Arts,Communication Services,Interactive Home Entertainment,"Redwood City, California",2002-07-22,0000712515,1982,34452508672,2022-05-04,122.51,140.52369863013698,0.1470385979114927,0.0008808420138484521
EMR,Emerson,Industrials,Electrical Components & Equipment,"Ferguson, Missouri",1965-03-31,0000032604,1890,53745123328,2022-05-04,90.48,94.39159853772017,0.04323163724270741,0.0013740933386729992
ENPH,Enphase,Information Technology,Electronic Components,"Fremont, California",2021-01-07,0001463101,2006,23566436352,2022-05-04,174.53,175.4802632186746,0.0054446984396641996,0.000602519469718546
ETR,Entergy,Utilities,Electric Utilities,"New Orleans, Louisiana",1957-03-04,0000065984,1913,23877040128,2022-05-04,117.53,119.72085003297146,0.018640772849242357,0.0006104606288998838
EOG,EOG Resources,Energy,Oil & Gas Exploration & Production,"Houston, Texas",2000-11-02,0000821189,1999,70691577856,2022-05-04,120.76,129.6795205479452,0.07386154809494201,0.0018073607467490394
EPAM,EPAM,Information Technology,IT Consulting & Other Services,"Newtown, Pennsylvania",2021-12-14,0001352010,1993,16970312704,2022-05-04,297.0,321.43499484823406,0.082272709926714,0.000433877386408668
EFX,Equifax,Industrials,Research & Consulting Services,"Atlanta, Georgia",1997-06-19,0000033185,1899,25083568128,2022-05-04,205.04,206.85796116504855,0.008866373220096363,0.0006413077455323009
EQIX,Equinix,Real Estate,Specialized REITs,"Redwood City, California",2015-03-20,0001101239,1998,65655844864,2022-05-04,721.32,738.3025240142814,0.023543675503634103,0.001678612932414076
EQR,Equity Residential,Real Estate,Residential REITs,"Chicago, Illinois",2001-12-03,0000906107,1969,31279282176,2022-05-04,80.2,80.51884729667795,0.003975652078278607,0.000799712617909702
ESS,Essex,Real Estate,Residential REITs,"San Mateo, California",2014-04-02,0000920522,1971,21778954240,2022-05-04,322.1,322.995865018726,0.0027813257333933533,0.000556819188260326
EL,Estée Lauder Companies,Consumer Staples,Personal Products,"New York City, New York",2006-01-05,0001001250,1946,88059928576,2022-05-04,245.52,258.98550787615426,0.054844851238816585,0.0022514147101651933
ETSY,Etsy,Consumer Discretionary,Internet & Direct Marketing Retail,"New York City, New York",2020-09-21,0001370637,2005,12785505280,2022-05-04,100.53,105.84891409823791,0.05290872474125049,0.0003268850557770267
RE,Everest,Financials,Reinsurance,"Hamilton, Bermuda",2017-06-19,0001095073,1973,11026898944,2022-05-04,279.53,316.18939853450024,0.1311465622097817,0.0002819230368623396
EVRG,Evergy,Utilities,Electric Utilities,"Kansas City, Missouri",2018-06-05,0001711269,1909,15451850752,2022-05-04,67.38,67.49381407471763,0.0016891373511077165,0.0003950551021887977
ES,Eversource,Utilities,Multi-Utilities,"Hartford, Connecticut",2009,0000072741,1966,29905391616,2022-05-04,86.72,86.91373035724959,0.002233975521789577,0.0007645865683323222
EXC,Exelon,Utilities,Multi-Utilities,"Chicago, Illinois",1957-03-04,0001109357,2000,45762596864,2022-05-04,46.69,47.89612244897959,0.025832564767179093,0.0011700053068524662
EXPE,Expedia Group,Consumer Discretionary,Internet & Direct Marketing Retail,"Seattle, Washington",2007-10-02,0001324424,1996,24443111424,2022-05-04,150.31,175.93009223482488,0.17044835496523772,0.0006249332870478716
EXPD,Expeditors,Industrials,Air Freight & Logistics,"Seattle, Washington",2007-10-10,0000746515,1979,17183404032,2022-05-04,102.65,112.74455182481752,0.09833952094318085,0.0004393254597630971
EXR,Extra Space Storage,Real Estate,Specialized REITs,"Salt Lake City, Utah",2016-01-19,0001289490,1977,25775409152,2022-05-04,183.09,183.5979847001516,0.0027745081662112077,0.0006589959390582024
XOM,ExxonMobil,Energy,Integrated Oil & Gas,"Irving, Texas",1957-03-04,0000034088,1999,372661846016,2022-05-04,88.19,89.78137700545396,0.018044869094613492,0.009527788355104407
FFIV,F5,Information Technology,Communications Equipment,"Seattle, Washington",2010-12-20,0001048695,1996,10521070592,2022-05-04,173.22,182.68555769168105,0.0546447159201077,0.00026899060083919934
FDS,FactSet,Financials,Financial Exchanges & Data,"Norwalk, Connecticut",2021-12-20,0001013237,1978,15128700928,2022-05-04,399.21,416.88863624578687,0.044284051616409636,0.0003867931801192949
FAST,Fastenal,Industrials,Building Products,"Winona, Minnesota",2008-09-15,0000815556,1967,31548966912,2022-05-04,54.81,55.219146024597265,0.007464806141165165,0.0008066076062608837
FRT,Federal Realty,Real Estate,Retail REITs,"Rockville, Maryland",2016-02-01,0000034903,1962,9373341696,2022-05-04,118.12,120.21559507806845,0.01774123838527296,0.00023964679189543067
FDX,FedEx,Industrials,Air Freight & Logistics,"Memphis, Tennessee",1980-12-31,0001048911,1971,51690459136,2022-05-04,199.44,225.7910132321537,0.13212501620614567,0.0013215620538863427
FITB,Fifth Third Bank,Financials,Regional Banks,"Cincinnati, Ohio",,0000035527,1858,26277021696,2022-05-04,38.31,42.60227619664761,0.11204062116020898,0.0006718205901637312
FRC,First Republic,Financials,Regional Banks,"San Francisco, California",2019-01-02,0001132979,1985,27578042368,2022-05-04,153.55,225.4777777777778,0.4684322877093961,0.0007050835864724531
FE,FirstEnergy,Utilities,Electric Utilities,"Akron, Ohio",,0001031296,1997,24630005760,2022-05-04,43.14,45.82256880733945,0.06218286526053431,0.0006297115859191205
FIS,FIS,Information Technology,Data Processing & Outsourced Services,"Jacksonville, Florida",2006-11-10,0001136893,1968,60847128576,2022-05-04,99.63,102.83574162679426,0.032176469203997436,0.00155566921938948
FISV,Fiserv,Information Technology,Data Processing & Outsourced Services,"Brookfield, Wisconsin",2001-04-02,0000798354,1984,64513191936,2022-05-04,99.44,100.68682693743467,0.012538484889729244,0.0016493988999669311
FLT,Fleetcor,Information Technology,Data Processing & Outsourced Services,"Norcross, Georgia",2018-06-20,0001175454,2000,19381301248,2022-05-04,248.84,266.99694729800757,0.07296635307027634,0.0004955187613425191
FMC,FMC,Materials,Fertilizers & Agricultural Chemicals,"Philadelphia, Pennsylvania",2009-08-19,0000037785,1883,15547785216,2022-05-04,123.5,127.45712098009189,0.03204146542584523,0.0003975078439403993
F,Ford,Consumer Discretionary,Automobile Manufacturers,"Dearborn, Michigan",1957-03-04,0000037996,1903,58527854592,2022-05-04,14.56,19.729896803423106,0.35507532990543306,0.0014963726965678144
FTNT,Fortinet,Information Technology,Systems Software,"Sunnyvale, California",2018-10-11,0001262039,2000,47342493696,2022-05-04,286.53,294.4240754039497,0.02755060693103594,0.001210398287242387
FTV,Fortive,Industrials,Industrial Machinery,"Everett, Washington",2016-07-01,0001659166,2016,21359917056,2022-05-04,59.59,61.91557479420948,0.03902625934233059,0.0005461057287399771
FBHS,Fortune Brands,Industrials,Building Products,"Deerfield, Illinois",2016-06-22,0001519751,2011,9785737216,2022-05-04,73.94,77.34040008898303,0.04598864064083086,0.00025019044500926334
FOXA,Fox Corporation (Class A),Communication Services,Movies & Entertainment,"New York City, New York",2013-07-01,0001754301,2019,19749967872,2022-05-04,36.24,46.13243697478992,0.27297011519839726,0.0005049444044680888
FOX,Fox Corporation (Class B),Communication Services,Movies & Entertainment,"New York City, New York",2015-09-18,0001754301,2019,19761156096,2022-05-04,33.63,43.52243697478992,0.29415512859916493,0.0005052304520779559
BEN,Franklin Templeton,Financials,Asset Management & Custody Banks,"San Mateo, California",,0000038777,1947,12829267968,2022-05-04,25.55,35.0224826742764,0.37074296181120925,0.00032800392972017937
FCX,Freeport-McMoRan,Materials,Copper,"Phoenix, Arizona",,0000831259,1912,58227941376,2022-05-04,40.15,45.59399460188934,0.1355913973073311,0.001488704861297058
AJG,Gallagher,Financials,Insurance Brokers,"Rolling Meadows, Illinois",2016-05-31,0000354190,1927,34768355328,2022-05-04,165.51,167.57410729666543,0.01247119386541865,0.00088891721693996
GRMN,Garmin,Consumer Discretionary,Consumer Electronics,"Schaffhausen, Switzerland",2012-12-12,0001121788,1989,21589442560,2022-05-04,111.79,119.5966546809453,0.06983321120802666,0.0005519739721557969
IT,Gartner,Information Technology,IT Consulting & Other Services,"Stamford, Connecticut",2017-04-05,0000749251,1979,22817861632,2022-05-04,281.13,289.9083631363357,0.031225280604473778,0.0005833807744740768
GE,GE,Industrials,Industrial Conglomerates,"Boston, Massachusetts",,0000040545,1892,85477253120,2022-05-04,77.66,92.02247723132969,0.18494047426383842,0.0021853838422409406
GNRC,Generac,Industrials,Electrical Components & Equipment,"Waukesha, Wisconsin",2021-03-22,0001474735,1959,14936228864,2022-05-04,234.17,236.46309237573826,0.009792425911680697,0.0003818722763303318
GD,General Dynamics,Industrials,Aerospace & Defense,"Falls Church, Virginia",1957-03-04,0000040533,1899,64810790912,2022-05-04,233.38,239.09275837491091,0.024478354507288195,0.001657007567417964
GIS,General Mills,Consumer Staples,Packaged Foods & Meats,"Golden Valley, Minnesota",1969-03-31,0000040704,1856,41944064000,2022-05-04,69.65,72.08127120012922,0.034906980619227805,0.0010723774618123796
GPC,Genuine Parts,Consumer Discretionary,Specialty Stores,"Atlanta, Georgia",1973-12-31,0000040987,1925,18657974272,2022-05-04,131.77,136.72559592569738,0.03760792233207381,0.00047702557130296295
GILD,Gilead,Health Care,Biotechnology,"Foster City, California",2004-07-01,0000882095,1987,75761811456,2022-05-04,60.33,64.559793977813,0.0701109560386707,0.0019369906328460052
GL,Globe Life,Financials,Life & Health Insurance,"McKinney, Texas",1989-04-30,0000320335,1900,9822579712,2022-05-04,99.04,99.95151528856408,0.009203506548506414,0.0002511323914631719
GPN,Global Payments,Information Technology,Data Processing & Outsourced Services,"Atlanta, Georgia",2016-04-25,0001123360,2000,36075270144,2022-05-04,128.07,134.83670301907304,0.05283597266395759,0.0009223309079258185
GM,GM,Consumer Discretionary,Automobile Manufacturers,"Detroit, Michigan",2013-06-06,0001467858,1908,58242105344,2022-05-04,39.94,53.618936605316975,0.342487145851702,0.001489066989298127
GS,Goldman Sachs,Financials,Investment Banking & Brokerage,"New York City, New York",2002-07-22,0000886982,1869,107569356800,2022-05-04,314.66,1055.5058699971614,2.354432943485544,0.0027502092742843
GWW,Grainger,Industrials,Industrial Machinery,"Lake Forest, Illinois",1981-06-30,0000277135,1927,24732952576,2022-05-04,483.99,488.6068582375479,0.009539160390809496,0.0006323436114005748
HAL,Halliburton,Energy,Oil & Gas Equipment & Services,"Houston, Texas",1957-03-04,0000045012,1919,33075458048,2022-05-04,36.67,40.07492170022371,0.0928530597279441,0.0008456351713986534
HIG,Hartford (The),Financials,Property & Casualty Insurance,"Hartford, Connecticut",1957-03-04,0000874766,1810,23371204608,2022-05-04,70.67,71.26317129629629,0.008393537516574083,0.0005975280096135852
HAS,Hasbro,Consumer Discretionary,Leisure Products,"Pawtucket, Rhode Island",1984-09-30,0000046080,1923,12852368384,2022-05-04,92.17,99.31919231719907,0.07756528498642798,0.0003285945345189154
HCA,HCA Healthcare,Health Care,Health Care Facilities,"Nashville, Tennessee",2015-01-27,0000860730,1968,65326489600,2022-05-04,216.3,220.52287219336156,0.019523218647071443,0.0016701923568102704
PEAK,Healthpeak,Real Estate,Health Care REITs,"Long Beach, California",2008-03-31,0000765880,1985,17825081344,2022-05-04,33.04,33.3334566582868,0.008881860117639228,0.00045573112534536285
HSIC,Henry Schein,Health Care,Health Care Distributors,"Melville, New York",2015-03-17,0001000228,1932,11330979840,2022-05-04,82.08,82.90260606398705,0.010022003703545961,0.00028969742656950086
HSY,Hershey's,Consumer Staples,Packaged Foods & Meats,"Hershey, Pennsylvania",1957-03-04,0000047111,1894,45247492096,2022-05-04,220.07,221.71289988789806,0.007465351424083555,0.001156835702121859
HES,Hess,Energy,Integrated Oil & Gas,"New York City, New York",1984-05-31,0000004447,1919,33261565952,2022-05-04,106.86,115.6116129032258,0.08189793096786267,0.0008503933636833767
HPE,Hewlett Packard Enterprise,Information Technology,"Technology Hardware, Storage & Peripherals","Houston, Texas",2015-11-02,0001645590,2015,20139169792,2022-05-04,15.49,18.49451127819549,0.19396457573889533,0.0005148950703621259
HLT,Hilton,Consumer Discretionary,"Hotels, Resorts & Cruise Lines","Tysons Corner, Virginia",2017-06-19,0001585689,1919,41592913920,2022-05-04,148.96,154.03829181494663,0.034091647522466594,0.0010633996614851243
HOLX,Hologic,Health Care,Health Care Equipment,"Marlborough, Massachusetts",2016-03-30,0000859737,1985,18237231104,2022-05-04,73.13,77.63624937429248,0.06161970975376016,0.00046626849515090627
HD,Home Depot,Consumer Discretionary,Home Improvement Retail,"Atlanta, Georgia",1988-03-31,0000354950,1978,315136507904,2022-05-04,304.96,307.1334693877551,0.007127063837077386,0.008057046843875416
HON,Honeywell,Industrials,Industrial Conglomerates,"Charlotte, North Carolina",1964-03-31,0000773840,1906,135067369472,2022-05-04,197.04,212.908809730669,0.08053598117473101,0.003453246753773269
HRL,Hormel,Consumer Staples,Packaged Foods & Meats,"Austin, Minnesota",2009-03-04,0000048465,1891,28154597376,2022-05-04,51.66,52.78043902260857,0.021688715110502754,0.0007198242800798789
HST,Host Hotels & Resorts,Real Estate,Hotel & Resort REITs,"Bethesda, Maryland",2007-03-20,0001070750,1993,14201674752,2022-05-04,19.88,21.016139659298886,0.05714988225849535,0.0003630920438237629
HWM,Howmet Aerospace,Industrials,Aerospace & Defense,"Pittsburgh, Pennsylvania",1964-03-31,0000004281,2016,14612629504,2022-05-04,34.99,36.62898548792396,0.04684154009499745,0.00037359886104274995
HPQ,HP,Information Technology,"Technology Hardware, Storage & Peripherals","Palo Alto, California",1974-12-31,0000047217,1939,39943786496,2022-05-04,37.92,41.44377049180328,0.09292643702012858,0.0010212366731501288
HUM,Humana,Health Care,Managed Health Care,"Louisville, Kentucky",,0000049071,1961,54870134784,2022-05-04,433.78,460.0095588735355,0.06046742328723213,0.0014028563343067826
HII,Huntington Ingalls Industries,Industrials,Aerospace & Defense,"Newport News, Virginia",2018-01-03,0001501585,2011,8604788736,2022-05-04,214.76,230.31831265508686,0.07244511387170267,0.00021999731604794982
HBAN,Huntington National Bank,Financials,Regional Banks,"Columbus, Ohio; Detroit, Michigan",,0000049196,1866,19414403072,2022-05-04,13.49,19.305142576204524,0.43107061350663634,0.0004963650706081754
IEX,IDEX,Industrials,Industrial Machinery,"Lake Forest, Illinois",2019-08-09,0000832101,1988,14546671616,2022-05-04,191.14,202.336335078534,0.05857661964284828,0.00037191252581972664
IDXX,Idexx Laboratories,Health Care,Health Care Equipment,"Westbrook, Maine",2017-01-05,0000874716,1983,36715810816,2022-05-04,435.96,437.6285995471977,0.003827414320574694,0.0009387075132072466
ITW,Illinois Tool Works,Industrials,Industrial Machinery,"Glenview, Illinois",1986-02-28,0000049826,1912,63689977856,2022-05-04,204.2,209.05378258105532,0.023769748193219038,0.0016283519116341216
ILMN,Illumina,Health Care,Life Sciences Tools & Services,"San Diego, California",2015-11-19,0001110803,1998,47236362240,2022-05-04,300.7,308.75228758169936,0.02677847549617351,0.001207684840557685
INCY,Incyte,Health Care,Biotechnology,"Wilmington, Delaware",2017-02-28,0000879169,1991,17081863168,2022-05-04,77.18,86.77177431410583,0.1242779776380645,0.0004367293800411475
IR,Ingersoll Rand,Industrials,Industrial Machinery,"Davidson, North Carolina",2020-03-03,0001699150,1859,18444232704,2022-05-04,45.21,50.25086021505376,0.11149878821176204,0.0004715608733620186
INTC,Intel,Information Technology,Semiconductors,"Santa Clara, California",1976-12-31,0000050863,1968,184250335232,2022-05-04,45.06,46.200595463137994,0.02531281542694166,0.0047107001084628385
ICE,Intercontinental Exchange,Financials,Financial Exchanges & Data,"Atlanta, Georgia",2007-09-26,0001571949,2000,64158711808,2022-05-04,114.48,115.55243816254416,0.009367908477849051,0.001640335960812357
IBM,IBM,Information Technology,IT Consulting & Other Services,"Armonk, New York",1957-03-04,0000051143,1911,118780329984,2022-05-04,132.52,139.87098231524885,0.05547073887148236,0.0030368385090552698
IP,International Paper,Materials,Paper Packaging,"Memphis, Tennessee",1957-03-04,0000051434,1898,17552257024,2022-05-04,46.82,50.12020387359837,0.07048705411359185,0.0004487558677307862
IPG,Interpublic Group,Communication Services,Advertising,"New York City, New York",1992-10-01,0000051644,1961,13077518336,2022-05-04,33.22,41.39908954477239,0.24620979966202253,0.0003343509088667358
IFF,International Flavors & Fragrances,Materials,Specialty Chemicals,"New York City, New York",1976-03-31,0000051253,1958,31053414400,2022-05-04,121.9,124.84238683127572,0.02413770985459977,0.0007939378910655868
INTU,Intuit,Information Technology,Application Software,"Mountain View, California",2000-12-05,0000896878,1983,121846718464,2022-05-04,430.84,440.2246153846154,0.021782135791977103,0.003115236393797986
ISRG,Intuitive Surgical,Health Care,Health Care Equipment,"Sunnyvale, California",2008-06-02,0001035267,1995,85471248384,2022-05-04,238.11,241.62935659760086,0.014780381326281327,0.0021852303200750735
IVZ,Invesco,Financials,Asset Management & Custody Banks,"Atlanta, Georgia",2008-08-21,0000914208,1935,8750130176,2022-05-04,19.23,22.927513513513514,0.1922783938384562,0.00022371323838974667
IPGP,IPG Photonics,Information Technology,Electronic Manufacturing Services,"Oxford, Massachusetts",2018-03-07,0001111928,1990,5612590080,2022-05-04,106.82,119.96861857964028,0.12309135536079653,0.0001434962311754946
IQV,IQVIA,Health Care,Life Sciences Tools & Services,"Durham, North Carolina",2017-08-29,0001478242,1982,41084907520,2022-05-04,215.2,222.34061683220074,0.03318130498234549,0.001050411539642271
IRM,Iron Mountain,Real Estate,Specialized REITs,"Boston, Massachusetts",2009-01-06,0001020569,1951,15274843136,2022-05-04,52.57,53.4492095540854,0.01672454925024537,0.00039052957557393414
JBHT,J.B. Hunt,Industrials,Trucking,"Lowell, Arkansas",2015-07-01,0000728535,1961,18096023552,2022-05-04,172.7,176.04439197832795,0.01936532703143001,0.00046265826329062445
JKHY,Jack Henry & Associates,Information Technology,Data Processing & Outsourced Services,"Monett, Missouri",2018-11-13,0000779152,1976,14006432768,2022-05-04,192.33,193.0039802796796,0.003504290956582941,0.00035810032191429
J,Jacobs,Industrials,Construction & Engineering,"Dallas, Texas",2007-10-26,0000052988,1947,17909477376,2022-05-04,138.6,146.38550593364755,0.05617248148374861,0.0004578888657727853
JNJ,Johnson & Johnson,Health Care,Pharmaceuticals,"New Brunswick, New Jersey",1973-06-30,0000200406,1886,468834910208,2022-05-04,178.29,183.70772625280478,0.030387157175415243,0.011986630361280441
JCI,Johnson Controls,Industrials,Building Products,"Cork, Ireland",2010-08-27,0000833444,1885,43484098560,2022-05-04,61.91,63.762725003466926,0.02992610246271894,0.001111751289597788
JPM,JPMorgan Chase,Financials,Diversified Banks,"New York City, New York",1975-06-30,0000019617,2000,361351413760,2022-05-04,123.03,362.98400660750144,1.9503698822035394,0.009238616265468787
JNPR,Juniper Networks,Information Technology,Communications Equipment,"Sunnyvale, California",2006-06-02,0001043604,1996,10418977792,2022-05-04,32.3,35.08616732105104,0.0862590501873389,0.0002663804098540502
K,Kellogg's,Consumer Staples,Packaged Foods & Meats,"Battle Creek, Michigan",1989-09-11,0000055067,1906,22731962368,2022-05-04,66.97,67.8022446230239,0.012427125922411478,0.0005811846011442852
KEY,KeyCorp,Financials,Regional Banks,"Cleveland, Ohio",1994-03-01,0000091576,1825,18377564160,2022-05-04,19.71,20.663610454829364,0.048382062649891575,0.0004698563689058589
KEYS,Keysight,Information Technology,Electronic Equipment & Instruments,"Santa Rosa, California",2018-11-06,0001601046,2014,26009686016,2022-05-04,142.93,153.90326203208556,0.07677367964797843,0.0006649856597676139
KMB,Kimberly-Clark,Consumer Staples,Household Products,"Irving, Texas",1957-03-04,0000055785,1872,46259941376,2022-05-04,137.3,138.08832116788324,0.00574159627008904,0.0011827208378373721
KIM,Kimco Realty,Real Estate,Retail REITs,"New Hyde Park, New York",2006-04-04,0000879101,1958,15480975360,2022-05-04,25.05,25.704424748477173,0.026124740458170554,0.0003957997265819733
KMI,Kinder Morgan,Energy,Oil & Gas Storage & Transportation,"Houston, Texas",2012-05-25,0001506307,1997,42356342784,2022-05-04,18.68,19.182867225408028,0.026920087013277753,0.001082918130354775
KLAC,KLA,Information Technology,Semiconductor Equipment,"Milpitas, California",,0000319201,1975/1977,50338811904,2022-05-04,334.0,343.2295270752781,0.027633314596641017,0.0012870046960700404
KHC,Kraft Heinz,Consumer Staples,Packaged Foods & Meats,"Chicago, Illinois; Pittsburgh, Pennsylvania",2015-07-06,0001637459,2015,51910840320,2022-05-04,42.38,45.16721682847896,0.0657672682510373,0.001327196505872901
KR,Kroger,Consumer Staples,Food Retail,"Cincinnati, Ohio",1957-03-04,0000056873,1883,39630049280,2022-05-04,54.79,57.05211180124223,0.0412869465457608,0.0010132154017881035
LHX,L3Harris,Industrials,Aerospace & Defense,"Melbourne, Florida",2008-09-22,0000202058,2019,45857542144,2022-05-04,237.53,242.31150406504065,0.02013010594468341,0.0011724327582882039
LH,LabCorp,Health Care,Health Care Services,"Burlington, North Carolina",2004-11-01,0000920148,1978,22856980480,2022-05-04,245.31,260.4146153846154,0.06157358193557289,0.0005843809200710143
LRCX,Lam Research,Information Technology,Semiconductor Equipment,"Fremont, California",2012-06-29,0000707549,1980,67330879488,2022-05-04,485.39,548.6667409854115,0.13036267946478397,0.0017214382861645608
LW,Lamb Weston,Consumer Staples,Packaged Foods & Meats,"Eagle, Idaho",2018-12-03,0001679273,2016,9540725760,2022-05-04,66.05,71.3763086335826,0.08064055463410445,0.00024392627462986865
LVS,Las Vegas Sands,Consumer Discretionary,Casinos & Gaming,"Las Vegas, Nevada",2019-10-03,0001300514,1988,27832227840,2022-05-04,36.43,38.85670157068063,0.06661272497064583,0.0007115823075141943
LDOS,Leidos,Industrials,Diversified Support Services,"Reston, Virginia",2019-08-09,0001336920,1969,13977781248,2022-05-04,102.52,107.60391608391609,0.049589505305463265,0.00035736779288957115
LEN,Lennar,Consumer Discretionary,Homebuilding,"Miami, Florida",2005-10-04,0000920760,1954,22968901632,2022-05-04,79.19,88.7191247570219,0.12033242526861856,0.00058724239102683
LLY,Lilly,Health Care,Pharmaceuticals,"Indianapolis, Indiana",1970-12-31,0000059478,1876,274342608896,2022-05-04,288.07,292.25841678174714,0.01453957989984084,0.007014075474300221
LNC,Lincoln Financial,Financials,Multi-line Insurance,"Radnor, Pennsylvania",1976-06-30,0000059558,1905,10727717888,2022-05-04,62.41,76.44627771628814,0.22490430566076175,0.0002742739206141947
LIN,Linde,Materials,Industrial Gases,"Guildford, England",1992-07-01,0001707925,1879,159437012992,2022-05-04,314.01,319.41934131736525,0.017226653028136876,0.004076301698168979
LYV,Live Nation Entertainment,Communication Services,Movies & Entertainment,"Beverly Hills, California",2019-12-23,0001335258,2010,22614558720,2022-05-04,99.43,121.25627466260114,0.2195139762908693,0.0005781829600527172
LKQ,LKQ Corporation,Consumer Discretionary,Distributors,"Chicago, Illinois",2016-05-23,0001065696,1998,14477492224,2022-05-04,50.8,51.72963019482171,0.01829980698467937,0.000370143826897212
LMT,Lockheed Martin,Industrials,Aerospace & Defense,"Bethesda, Maryland",1984-07-31,0000936468,1995,115695337472,2022-05-04,434.77,447.58650071123753,0.029478806521235485,0.0029579649778750587
L,Loews Corporation,Financials,Multi-line Insurance,"New York City, New York",,0000060086,1959,15471079424,2022-05-04,62.79,65.20352506801399,0.038438048542984375,0.00039554671870152715
LOW,Lowe's,Consumer Discretionary,Home Improvement Retail,"Mooresville, North Carolina",1984-02-29,0000060667,1904/1946/1959,133301837824,2022-05-04,201.63,203.250886981402,0.00803891772753067,0.003408107676467082
LUMN,Lumen,Communication Services,Alternative Carriers,"Monroe, Louisiana",1999-03-25,0000018926,1983,10751031296,2022-05-04,10.41,10.741101980345263,0.03180614604661509,0.0002748699709467814
LYB,LyondellBasell,Materials,Specialty Chemicals,"Rotterdam, Netherlands",2012-09-05,0001489393,2007,36335951872,2022-05-04,110.92,115.32718562874251,0.039733011438356565,0.000928995717750005
MTB,M&T Bank,Financials,Regional Banks,"Buffalo, New York",2004-02-23,0000036270,1856,30633058304,2022-05-04,170.23,505.67918951650466,1.9705644687570036,0.0007831907111240856
MRO,Marathon Oil,Energy,Oil & Gas Exploration & Production,"Houston, Texas",1991-05-01,0000101778,1887,18862227456,2022-05-04,26.25,26.986040609137056,0.028039642252840242,0.0004822476811830408
MPC,Marathon Petroleum,Energy,Oil & Gas Refining & Marketing,"Findlay, Ohio",2011-07-01,0001510295,2009,51751882752,2022-05-04,92.65,100.80254237288136,0.08799290202786136,0.0013231324620714298
MKTX,MarketAxess,Financials,Financial Exchanges & Data,"New York City, New York",2019-07-01,0001278021,2000,10029407232,2022-05-04,265.08,280.68297818791945,0.05886139349599918,0.00025642031899757937
MAR,Marriott International,Consumer Discretionary,"Hotels, Resorts & Cruise Lines","Bethesda, Maryland",,0001048286,1927,56628031488,2022-05-04,173.04,177.2701852414212,0.0244462854913384,0.0014478002101687847
MMC,Marsh & McLennan,Financials,Insurance Brokers,"New York City, New York",1987-08-31,0000062709,1905,79995052032,2022-05-04,159.38,162.84245059288537,0.021724498637754896,0.0020452212464587456
MLM,Martin Marietta,Materials,Construction Materials,"Raleigh, North Carolina",2014-07-02,0000916076,1993,22853730304,2022-05-04,366.48,370.62102564102565,0.011299458745431224,0.0005842978233188892
MAS,Masco,Industrials,Building Products,"Livonia, Michigan",1981-06-30,0000062996,1929,12714806272,2022-05-04,53.89,57.579243027888445,0.06845876837796334,0.00032507750506492375
MA,Mastercard,Information Technology,Data Processing & Outsourced Services,"Harrison, New York",2008-07-18,0001141391,1966,365690028032,2022-05-04,357.79,365.16673956262423,0.020617511843886663,0.009349540952232338
MTCH,Match Group,Communication Services,Interactive Media & Services,"Dallas, Texas",2021-09-20,0000891103,1986,22562738176,2022-05-04,79.02,81.59258692984089,0.032556149453820495,0.0005768580721390316
MKC,McCormick,Consumer Staples,Packaged Foods & Meats,"Hunt Valley, Maryland",2003-03-20,0000063754,1889,26219884544,2022-05-04,97.73,99.03307521304187,0.013333420782173998,0.0006703597733473887
MCD,McDonald's,Consumer Discretionary,Restaurants,"Chicago, Illinois",1970-06-30,0000063908,1940,181846671360,2022-05-04,245.87,252.13556679084618,0.025483250461000445,0.004649246002296457
MCK,McKesson,Health Care,Health Care Distributors,"Irving, Texas",,0000927653,1833,46109323264,2022-05-04,307.81,346.90090909090907,0.12699687823952785,0.0011788700076305154
MDT,Medtronic,Health Care,Health Care Equipment,"Dublin, Ireland",1986-10-31,0001613103,1949,138326179840,2022-05-04,103.11,105.7636189069424,0.025735805517819788,0.00353656425946284
MRK,Merck,Health Care,Pharmaceuticals,"Kenilworth, New Jersey",1957-03-04,0000310158,1891,220219277312,2022-05-04,87.1,90.3,0.03673938002296215,0.005630312543057323
FB,Meta,Communication Services,Interactive Media & Services,"Menlo Park, California",2013-12-23,0001326801,2004,573821026304,2022-05-04,212.03,217.83657572577823,0.027385632815064995,0.014670794316031424
MET,MetLife,Financials,Life & Health Insurance,"New York City, New York",,0001099219,1868,54983196672,2022-05-04,66.64,89.69843110190936,0.3460148724776315,0.0014057469702852409
MTD,Mettler Toledo,Health Care,Life Sciences Tools & Services,"Columbus, Ohio",2016-09-06,0001037646,1945,30337701888,2022-05-04,1334.37,1338.5717885012252,0.0031488931115247927,0.0007756393788611918
MGM,MGM Resorts,Consumer Discretionary,Casinos & Gaming,"Paradise, Nevada",2017-07-26,0000789570,1986,17783351296,2022-05-04,40.85,50.56274950177091,0.23776620567370643,0.0004546642195978523
MCHP,Microchip,Information Technology,Semiconductors,"Chandler, Arizona",2007-09-07,0000827054,1989,37913026560,2022-05-04,68.19,68.70736881005173,0.007587165420908276,0.0009693165448164044
MU,Micron,Information Technology,Semiconductors,"Boise, Idaho",1994-09-27,0000723125,1978,79573901312,2022-05-04,71.26,78.0636809815951,0.09547685912987781,0.0020344537504871094
MSFT,Microsoft,Information Technology,Systems Software,"Redmond, Washington",1994-06-01,0000789019,1975,2107441020928,2022-05-04,281.78,283.32416403785487,0.005480034203473981,0.05388062189066988
MAA,Mid-America Apartments,Real Estate,Residential REITs,"Memphis, Tennessee",2016-12-02,0000912595,1977,22507669504,2022-05-04,189.73,229.65132751091704,0.210411255525837,0.0005754501398341234
MRNA,Moderna,Health Care,Biotechnology,"Cambridge, Massachusetts",2021-07-21,0001682852,2010,59058548736,2022-05-04,146.54,162.42863109048724,0.10842521557586497,0.0015099408724875683
MHK,Mohawk Industries,Consumer Discretionary,Home Furnishings,"Calhoun, Georgia",2013-12-23,0000851968,1878,9730423808,2022-05-04,153.14,157.0447252555762,0.025497748828367573,0.00024877625557651707
MOH,Molina Healthcare,Health Care,Managed Health Care,"Long Beach, California",2022-03-02,0001179929,1980,18114179072,2022-05-04,307.02,382.88324786324785,0.24709545913376285,0.000463122442690491
TAP,Molson Coors,Consumer Staples,Brewers,"Chicago, Illinois",1976-06-30,0000024545,2005,11439104000,2022-05-04,52.69,55.63003690036901,0.0557987644784401,0.00029246182041224806
MDLZ,Mondelez International,Consumer Staples,Packaged Foods & Meats,"Chicago, Illinois",2012-10-02,0001103982,2012,89525788672,2022-05-04,64.69,67.16798742138364,0.038305571516210314,0.0022888921307871084
MPWR,Monolithic Power Systems,Information Technology,Semiconductors,"Kirkland, Washington",2021-02-12,0001280452,1997,21276938240,2022-05-04,457.48,461.43521608292235,0.008645659007874298,0.0005439842220570224
MNST,Monster Beverage,Consumer Staples,Soft Drinks,"Corona, California",2012-06-28,0000865752,2012,44449402880,2022-05-04,83.92,86.39513504940149,0.029493982952829925,0.001136431077339818
MCO,Moody's,Financials,Financial Exchanges & Data,"New York City, New York",,0001059556,1909,57359351808,2022-05-04,309.42,319.0581053751996,0.031148941164758536,0.0014664977648104478
MS,Morgan Stanley,Financials,Investment Banking & Brokerage,"New York City, New York",,0000895421,1935,147078397952,2022-05-04,83.75,134.87100840336134,0.6104001003386429,0.0037603308797925935
MOS,Mosaic,Materials,Fertilizers & Agricultural Chemicals,"Tampa, Florida",2011-09-26,0001285785,2004,24553713664,2022-05-04,67.83,69.84809598741148,0.02975226282487815,0.0006277610375825353
MSI,Motorola Solutions,Information Technology,Communications Equipment,"Chicago, Illinois",,0000068505,1928,36033134592,2022-05-04,215.19,226.2135294117647,0.051226959485871616,0.0009212536347196308
MSCI,MSCI,Financials,Financial Exchanges & Data,"New York City, New York",2018-04-04,0001408198,1969,35100422144,2022-05-04,431.91,448.9174541147192,0.03937731035335872,0.0008974071183785569
NDAQ,Nasdaq,Financials,Financial Exchanges & Data,"New York City, New York",2008-10-22,0001120193,1971,25992775680,2022-05-04,157.84,160.17424871124229,0.014788701921200466,0.0006645533157964128
NTAP,NetApp,Information Technology,"Technology Hardware, Storage & Peripherals","Sunnyvale, California",1999-06-25,0001002047,1992,16481015808,2022-05-04,74.06,94.09982300884955,0.27058902253375033,0.00042136760758978303
NFLX,Netflix,Communication Services,Movies & Entertainment,"Los Gatos, California",2010-12-20,0001065280,1997,88797036544,2022-05-04,199.87,213.14102120614345,0.06639826490290411,0.002270260236717068
NWL,Newell Brands,Consumer Discretionary,Housewares & Specialties,"Atlanta, Georgia",1989-04-30,0000814453,1903,9734019072,2022-05-04,23.41,24.447491157745816,0.04431828952352908,0.00024886817514069824
NEM,Newmont,Materials,Gold,"Denver, Colorado",1969-06-30,0001164727,1921,57333346304,2022-05-04,72.24,78.47999999999999,0.08637873754152818,0.001465832886071643
NWSA,News Corp (Class A),Communication Services,Publishing,"New York City, New York",2013-08-01,0001564708,2013,11863734272,2022-05-04,20.21,23.980657672849915,0.18657385813210858,0.00030331827755707933
NWS,News Corp (Class B),Communication Services,Publishing,"New York City, New York",2015-09-18,0001564708,2013,11857367040,2022-05-04,20.25,24.020657672849914,0.18620531717777355,0.000303155487511486
NEE,NextEra Energy,Utilities,Multi-Utilities,"Juno Beach, Florida",1976-06-30,0000753308,1984,139008016384,2022-05-04,70.76,71.08400365074536,0.004578909705276341,0.003553996669980467
NLSN,Nielsen,Industrials,Research & Consulting Services,"New York City, New York",2013-07-09,0001492633,1923,9621787648,2022-05-04,26.75,27.80423625502168,0.03941070112230585,0.0002459987715081673
NKE,Nike,Consumer Discretionary,"Apparel, Accessories & Luxury Goods","Washington County, Oregon",1988-11-30,0000320187,1964,193353383936,2022-05-04,122.86,129.00452591027712,0.050012419911094945,0.0049434363608190715
NI,NiSource,Utilities,Multi-Utilities,"Merrillville, Indiana",,0001111711,1912,11750056960,2022-05-04,28.96,29.155677434348128,0.006756817484396655,0.00030041190712744683
NDSN,Nordson,Industrials,Industrial Machinery,"Westlake, Ohio",2022-02-15,0000072331,1935,12546457600,2022-05-04,216.54,221.6472973065005,0.023585930112221754,0.00032077336034545053
NSC,Norfolk Southern,Industrials,Railroads,"Norfolk, Virginia",1957-03-04,0000702165,1881/1894,61032308736,2022-05-04,256.08,259.48503246753245,0.013296752841035866,0.0015604036921854116
NTRS,Northern Trust,Financials,Asset Management & Custody Banks,"Chicago, Illinois",,0000073124,1889,21965336576,2022-05-04,105.41,439.0185103526964,3.1648658604752526,0.0005615843969059723
NOC,Northrop Grumman,Industrials,Aerospace & Defense,"West Falls Church, Virginia",1985-06-30,0001133421,1994,70261432320,2022-05-04,451.25,473.2574812967581,0.0487700416548656,0.0017963632816940173
NLOK,NortonLifeLock,Information Technology,Application Software,"Tempe, Arizona",2003-03-25,0000849399,1982,14563981312,2022-05-04,25.03,26.585,0.06212544946064721,0.00037235508016689775
NCLH,Norwegian Cruise Line Holdings,Consumer Discretionary,"Hotels, Resorts & Cruise Lines","Miami, Florida",2017-10-13,0001513761,2011,8394593280,2022-05-04,20.03,24.15271757025498,0.20582713780603978,0.00021462328100952877
NRG,NRG Energy,Utilities,Independent Power Producers & Energy Traders,"Houston, Texas",2010-01-29,0001013871,1992,8983913472,2022-05-04,37.1,38.1204081632653,0.027504263160789796,0.00022969034012167736
NUE,Nucor,Materials,Steel,"Charlotte, North Carolina",1985-04-30,0000073309,1940,40474562560,2022-05-04,152.16,160.28241715667417,0.05338076469948853,0.0010348069435059792
NVDA,Nvidia,Information Technology,Semiconductors,"Santa Clara, California",2001-11-30,0001045810,1993,488481849344,2022-05-04,196.02,196.8019253438114,0.0039890079778155015,0.01248894064583098
NVR,NVR,Consumer Discretionary,Homebuilding,"Reston, Virginia",2019-09-26,0000906163,1980,14835664896,2022-05-04,4475.53,5132.529489405157,0.14679814221000798,0.0003793011727588319
NXPI,NXP,Information Technology,Semiconductors,"Eindhoven, Netherlands",2021-03-22,0001413447,1953,46752813056,2022-05-04,178.07,188.60827105326854,0.059180496733130486,0.0011953220126114143
ORLY,O'Reilly Automotive,Consumer Discretionary,Specialty Stores,"Springfield, Missouri",2009-03-27,0000898173,1957,42084372480,2022-05-04,603.49,608.719823801271,0.008665965966745069,0.0010759647072365033
OXY,Occidental Petroleum,Energy,Oil & Gas Exploration & Production,"Houston, Texas",1982-12-31,0000797468,1920,55502491648,2022-05-04,59.24,62.248599107434416,0.05078661558802183,0.0014190237054221794
ODFL,Old Dominion,Industrials,Trucking,"Thomasville, North Carolina",2019-12-09,0000878927,1934,32028272640,2022-05-04,281.54,285.5220595375424,0.014143850030341684,0.0008188619424173605
OMC,Omnicom Group,Communication Services,Advertising,"New York City, New York",,0000029989,1986,16090377216,2022-05-04,78.21,102.88966573816155,0.3155563960895226,0.00041138021052270526
OKE,Oneok,Energy,Oil & Gas Storage & Transportation,"Tulsa, Oklahoma",2010-03-15,0001039684,1906,29082073088,2022-05-04,65.12,65.4472016504136,0.005024595368759199,0.0007435369095934899
ORCL,Oracle,Information Technology,Application Software,"Austin, Texas",1989-08-31,0001341439,1977,195549446144,2022-05-04,73.29,83.24962938451357,0.1358934286330135,0.004999582747029933
OGN,Organon,Health Care,Pharmaceuticals,"Jersey City, New Jersey",2021-06-03,0001821825,2021,8227983872,2022-05-04,32.44,35.33937515908207,0.08937654621091459,0.00021036360378642746
OTIS,Otis,Industrials,Industrial Machinery,"Farmington, Connecticut",2020-04-03,0001781335,2020,30999255040,2022-05-04,73.32,76.95446353924756,0.04956987914958487,0.0007925532070013487
PCAR,Paccar,Industrials,Construction Machinery & Heavy Trucks,"Bellevue, Washington",1980-12-31,0000075362,1905,29580189696,2022-05-04,85.08,94.94845135290731,0.11599026037737793,0.0007562721806386044
PKG,Packaging Corporation of America,Materials,Paper Packaging,"Lake Forest, Illinois",2017-07-26,0000075677,1959,15150967808,2022-05-04,161.69,168.2051410032012,0.04029402562435026,0.0003873624740307499
PARA,Paramount,Communication Services,Movies & Entertainment,"New York City, New York",,0000813828,2019,19498432512,2022-05-04,29.88,40.0537012987013,0.3404853178949565,0.0004985134384340664
PH,Parker,Industrials,Industrial Machinery,"Cleveland, Ohio",1985-11-30,0000076334,1917,35515170816,2022-05-04,276.43,282.03339301388127,0.020270567644182103,0.0009080109341692589
PAYX,Paychex,Information Technology,Data Processing & Outsourced Services,"Penfield, New York",,0000723531,1971,46408736768,2022-05-04,128.55,131.2984120408727,0.021380101445917492,0.0011865250668410838
PAYC,Paycom,Information Technology,Application Software,"Oklahoma City, Oklahoma",2020-01-28,0001590955,1998,17367484416,2022-05-04,288.46,293.2370750988142,0.016560615332504462,0.00044403181475443433
PYPL,PayPal,Information Technology,Data Processing & Outsourced Services,"San Jose, California",2015-07-20,0001633917,1998,105341517824,2022-05-04,90.71,95.0882645324347,0.04826661374087436,0.0026932504563116407
PENN,Penn National Gaming,Consumer Discretionary,Casinos & Gaming,"Wyomissing, Pennsylvania",2021-03-22,0000921738,1972,6403685888,2022-05-04,38.53,49.145384615384614,0.27550959292459415,0.00016372205656603028
PNR,Pentair,Industrials,Industrial Machinery,"Worsley, England",2012-10-01,0000077360,1966,8691770368,2022-05-04,52.55,53.11384248210024,0.010729638098957977,0.0002222211621146652
PEP,PepsiCo,Consumer Staples,Soft Drinks,"Purchase, New York",1957-03-04,0000077476,1898,232276426752,2022-05-04,167.99,172.0187976961843,0.023982366189560594,0.005938575836598925
PKI,PerkinElmer,Health Care,Health Care Equipment,"Waltham, Massachusetts",1985-05-31,0000031791,1937,19284359168,2022-05-04,152.86,157.75950918616672,0.03205226472698358,0.0004930402580269316
PFE,Pfizer,Health Care,Pharmaceuticals,"New York City, New York",1957-03-04,0000078003,1849,278378577920,2022-05-04,49.29,49.6305746320953,0.006909609090998261,0.007117262476349201
PM,Philip Morris International,Consumer Staples,Tobacco,"New York City, New York",2008-03-31,0001413329,2008,153445384192,2022-05-04,98.99,101.87760436737315,0.02917066741461923,0.0039231146420776585
PSX,Phillips 66,Energy,Oil & Gas Refining & Marketing,"Houston, Texas",2012-05-01,0001534701,2012,43679068160,2022-05-04,90.79,97.93636073793498,0.07871308225503876,0.0011167360475072402
PNW,Pinnacle West,Utilities,Multi-Utilities,"Phoenix, Arizona",,0000764622,1985,8160571392,2022-05-04,72.22,72.30805214764567,0.0012192210972814907,0.00020864007923246725
PXD,Pioneer Natural Resources,Energy,Oil & Gas Exploration & Production,"Irving, Texas",2008-09-24,0001038357,1997,58965409792,2022-05-04,243.7,259.5388371679925,0.06499317672545135,0.0015075596033677565
PNC,PNC Financial Services,Financials,Regional Banks,"Pittsburgh, Pennsylvania",1988-04-30,0000713676,1845,70408904704,2022-05-04,169.66,362.74450704225353,1.1380673526008107,0.001800133685554772
POOL,Pool Corporation,Consumer Discretionary,Distributors,"Covington, Louisiana",2020-10-07,0000945841,1993,16297413632,2022-05-04,406.16,406.75769973704257,0.0014715869042804474,0.0004166734788691586
PPG,PPG Industries,Materials,Specialty Chemicals,"Pittsburgh, Pennsylvania",1957-03-04,0000079879,1883,31463403520,2022-05-04,133.21,137.4115050167224,0.03154046255327973,0.0008044200201190874
PPL,PPL,Utilities,Electric Utilities,"Allentown, Pennsylvania",,0000922224,1920,20726499328,2022-05-04,28.17,32.83907856630131,0.16574648797661726,0.0005299112346771317
PFG,Principal,Financials,Life & Health Insurance,"Des Moines, Iowa",2002-07-22,0001126328,1879,17621207040,2022-05-04,69.86,78.62362269823375,0.12544550097672125,0.0004505187022322309
PG,Procter & Gamble,Consumer Staples,Personal Products,"Cincinnati, Ohio",1957-03-04,0000080424,1837,374794682368,2022-05-04,156.21,160.16540176855057,0.025321053508421728,0.00958231825553606
PGR,Progressive,Financials,Property & Casualty Insurance,"Mayfield Village, Ohio",1997-08-04,0000080661,1937,65640968192,2022-05-04,112.23,112.5499931588849,0.002851226578320398,0.0016782325828189682
PLD,Prologis,Real Estate,Industrial REITs,"San Francisco, California",2003-07-17,0001045609,1983,112787079168,2022-05-04,152.36,153.08700259495782,0.004771610625871684,0.00288360998312924
PRU,Prudential,Financials,Life & Health Insurance,"Newark, New Jersey",2002-07-22,0001137774,1875,41305223168,2022-05-04,109.73,142.76768264547553,0.30108158794746676,0.001056044316079952
PEG,PSEG,Utilities,Electric Utilities,"Newark, New Jersey",1957-03-04,0000788784,1903,34392342528,2022-05-04,68.5,70.12301587301587,0.023693662379793774,0.0008793037552574448
PTC,PTC,Information Technology,Application Software,"Boston, Massachusetts",2021-04-20,0000857005,1985,13401529344,2022-05-04,114.59,117.34864049946353,0.024074007325800895,0.00034263484869570207
PSA,Public Storage,Real Estate,Specialized REITs,"Glendale, California",2005-08-19,0001393311,1972,62604201984,2022-05-04,357.01,361.21631348701914,0.011782060690230372,0.0016005920461687132
PHM,PulteGroup,Consumer Discretionary,Homebuilding,"Atlanta, Georgia",1984-04-30,0000822416,1956,10528543744,2022-05-04,43.61,50.45454156535656,0.1569489008336748,0.0002691816657720942
PVH,PVH,Consumer Discretionary,"Apparel, Accessories & Luxury Goods","New York City, New York",2013-02-15,0000078239,1881,4965191168,2022-05-04,73.01,90.46084269662921,0.23901989722817707,0.00012694428232212036
QRVO,Qorvo,Information Technology,Semiconductors,"Greensboro, North Carolina",2015-06-11,0001604778,2015,13019429888,2022-05-04,120.07,132.11902772031445,0.10035002682030862,0.0003328657704112237
PWR,Quanta,Industrials,Construction & Engineering,"Houston, Texas",2009-07-01,0001050915,1997,17109829632,2022-05-04,119.01,120.59759978933363,0.013340053687367643,0.0004374443943440102
QCOM,Qualcomm,Information Technology,Semiconductors,"San Diego, California",,0000804328,1985,161571192832,2022-05-04,144.26,150.45321148825064,0.04293089898967596,0.004130865947352615
DGX,Quest Diagnostics,Health Care,Health Care Services,"Secaucus, New Jersey",2002-12-12,0001022079,1967,15701089280,2022-05-04,133.78,140.756,0.052145313200777386,0.00040142734547076706
RL,Ralph Lauren,Consumer Discretionary,"Apparel, Accessories & Luxury Goods","New York City, New York",2007-02-02,0001037038,1967,7530211328,2022-05-04,105.81,140.89843537414967,0.3316173837458621,0.00019252375999692038
RJF,Raymond James,Financials,Investment Banking & Brokerage,"St. Petersburg, Florida",2017-03-20,0000720005,1962,20897685504,2022-05-04,100.35,134.44564393939393,0.3397672540049222,0.0005342879254268942
RTX,Raytheon Technologies,Industrials,Aerospace & Defense,"Waltham, Massachusetts",,0000101829,1922,141880786944,2022-05-04,95.4,100.62063724836689,0.054723660884348886,0.0036274443550093224
O,Realty Income,Real Estate,Retail REITs,"San Diego, California",2015-04-07,0000726728,1969,40459960320,2022-05-04,67.67,68.4153615548483,0.011014652798112923,0.0010344336102717942
REG,Regency Centers,Real Estate,Retail REITs,"Jacksonville, Florida",2017-03-02,0000910606,1963,11808322560,2022-05-04,68.6,94.51233919509029,0.3777308920567099,0.0003019015748010174
REGN,Regeneron,Health Care,Biotechnology,"Tarrytown, New York",2013-05-01,0000872589,1988,72552185856,2022-05-04,660.49,686.2083600713013,0.038938303488775416,0.0018549306265887185
RF,Regions,Financials,Regional Banks,"Birmingham, Alabama",1998-08-28,0001281761,1971,20106149888,2022-05-04,21.55,52.25041753653445,1.4246133427626193,0.000514050855532566
RSG,Republic Services,Industrials,Environmental & Facilities Services,"Phoenix, Arizona",2008-12-05,0001060391,1998,41440591872,2022-05-04,131.23,131.320795241077,0.000691878694483105,0.0010595052670074624
RMD,ResMed,Health Care,Health Care Equipment,"San Diego, California",2017-07-26,0000943819,1989,28723281920,2022-05-04,196.42,198.43622385644346,0.01026486028125178,0.0007343637507393421
RHI,Robert Half,Industrials,Human Resource & Employment Services,"Menlo Park, California",2000-12-05,0000315213,1948,11004128256,2022-05-04,99.3,99.34463545067862,0.00044950101388344815,0.0002813408621688916
ROK,Rockwell Automation,Industrials,Electrical Components & Equipment,"Milwaukee, Wisconsin",,0001024478,1903,24835733504,2022-05-04,213.74,219.39499573014518,0.02645735814608952,0.0006349713956489337
ROL,Rollins,Industrials,Environmental & Facilities Services,"Atlanta, Georgia",2018-10-01,0000084839,1948,16108398592,2022-05-04,32.71,32.92399641107243,0.00654223207191774,0.0004118409602834639
ROP,Roper,Industrials,Industrial Conglomerates,"Sarasota, Florida",2009-12-23,0000882835,1981,47640682496,2022-05-04,451.13,454.43046948356806,0.0073160053278834595,0.001218022034633314
ROST,Ross,Consumer Discretionary,Apparel Retail,"Dublin, California",2009-12-21,0000745732,1982,35297325056,2022-05-04,100.45,114.33071423132996,0.13818530842538537,0.0009024413049798844
RCL,Royal Caribbean Group,Consumer Discretionary,"Hotels, Resorts & Cruise Lines","Miami, Florida",2014-12-05,0000884887,1997,19792656384,2022-05-04,77.6,88.20711467416268,0.13668962208972538,0.0005060358151179273
SPGI,S&P Global,Financials,Financial Exchanges & Data,"New York City, New York",,0000064040,1917,124801327104,2022-05-04,359.63,386.51043028547787,0.074744682828123,0.003190776420487153
CRM,Salesforce,Information Technology,Application Software,"San Francisco, California",2008-09-15,0001108524,1999,177275027456,2022-05-04,178.36,183.96985626283367,0.03145243475461796,0.0045323634826130626
SBAC,SBA Communications,Real Estate,Specialized REITs,"Boca Raton, Florida",2017-09-01,0001034054,1989,37621538816,2022-05-04,348.9,352.2175679947971,0.009508650028080013,0.0009618641222981636
SLB,Schlumberger,Energy,Oil & Gas Equipment & Services,"Curaçao, Kingdom of the Netherlands",1965-03-31,0000087347,1926,56750419968,2022-05-04,40.15,41.383848314606745,0.03073096673989405,0.001450929297696819
STX,Seagate,Information Technology,"Technology Hardware, Storage & Peripherals","Dublin, Ireland",2012-07-02,0001137789,1979,18120239104,2022-05-04,83.89,88.82469387755103,0.058823386310061114,0.0004632773786007228
SEE,Sealed Air,Materials,Paper Packaging,"Charlotte, North Carolina",1957-03-04,0001012100,1960,9578596352,2022-05-04,65.57,69.16615384615383,0.054844499712579535,0.0002448945062567871
SRE,Sempra Energy,Utilities,Multi-Utilities,"San Diego, California",,0001032208,1998,50741403648,2022-05-04,160.69,162.4757371037197,0.011112932377370694,0.0012972976975440353
NOW,ServiceNow,Information Technology,Systems Software,"Santa Clara, California",2019-11-21,0001373715,2003,96593649664,2022-05-04,481.86,490.372315270936,0.017665536195027542,0.002469595050538606
SHW,Sherwin-Williams,Materials,Specialty Chemicals,"Cleveland, Ohio",1964-06-30,0000089800,1866,70071484416,2022-05-04,269.37,269.99036690378136,0.00230302893336808,0.001791506912717275
SBNY,Signature Bank,Financials,Regional Banks,"New York City, New York",2021-12-20,0001288784,2001,15882955776,2022-05-04,253.11,813.0576549651222,2.2122699812932014,0.00040607709832659884
SPG,Simon,Real Estate,Retail REITs,"Indianapolis, Indiana",2002-06-26,0001063761,2003,45401309184,2022-05-04,120.87,122.49478736774198,0.01344243706248013,0.0011607683200582804
SWKS,Skyworks,Information Technology,Semiconductors,"Woburn, Massachusetts",2015-03-12,0000004127,2002,19314835456,2022-05-04,119.47,125.55922155688623,0.05096862439847853,0.000493819440615698
SJM,Smucker,Consumer Staples,Packaged Foods & Meats,"Orrville, Ohio",2008-11-06,0000091419,1897,14803433472,2022-05-04,136.49,139.46419928825622,0.02179060215588113,0.00037847711687669994
SNA,Snap-on,Industrials,Industrial Machinery,"Kenosha, Wisconsin",1982-09-30,0000091440,1920,11730581504,2022-05-04,219.78,233.9618181818182,0.06452733725461,0.0002999139811259769
SEDG,SolarEdge,Information Technology,Semiconductor Equipment,"Herzliya, Israel",2021-12-20,0001419612,2006,14548268032,2022-05-04,262.67,272.7104248659568,0.038224482681527255,0.0003719533411431554
SO,Southern Company,Utilities,Electric Utilities,"Atlanta, Georgia",1957-03-04,0000092122,1945,77742645248,2022-05-04,73.12,74.80352059925093,0.023024078217326667,0.0019876343071007735
LUV,Southwest Airlines,Industrials,Airlines,"Dallas, Texas",1994-07-01,0000092380,1967,28011925504,2022-05-04,47.25,67.81013179571664,0.4351350644596115,0.0007161766101743737
SWK,Stanley Black & Decker,Industrials,Industrial Machinery,"New Britain, Connecticut",1982-09-30,0000093556,1843,20629004288,2022-05-04,126.24,127.15299298734128,0.007232200470067201,0.0005274185939178935
SBUX,Starbucks,Consumer Discretionary,Restaurants,"Seattle, Washington",2000-06-07,0000829224,1971,85501804544,2022-05-04,74.33,79.77555040067482,0.07326181085261427,0.002186011544739034
STT,State Street,Financials,Asset Management & Custody Banks,"Boston, Massachusetts",,0000093751,1792,25665011712,2022-05-04,69.91,365.9967401159584,4.235255902102108,0.0006561734246137798
STE,Steris,Health Care,Health Care Equipment,"Dublin, Ireland",2019-12-23,0001757898,1985,22636711936,2022-05-04,226.08,228.6473589606277,0.011355975586640572,0.0005787493479340886
SYK,Stryker,Health Care,Health Care Equipment,"Kalamazoo, Michigan",2000-12-12,0000310764,1941,89843499008,2022-05-04,237.87,245.61125690244543,0.032544065676400676,0.0022970149822998096
SIVB,SVB Financial,Financials,Regional Banks,"Santa Clara, California",2018-03-19,0000719739,1983,30162663424,2022-05-04,512.62,762.4277613164505,0.487315674996002,0.0007711641972539957
SYF,Synchrony,Financials,Consumer Finance,"Stamford, Connecticut",2015-11-18,0001601712,2003,19202013184,2022-05-04,38.29,52.401374407582935,0.36853942041219473,0.0004909349308628218
SNPS,Synopsys,Information Technology,Application Software,"Mountain View, California",2017-03-16,0000883241,1986,44737060864,2022-05-04,292.21,301.31664802338884,0.03116473776868984,0.0011437855849705518
SYY,Sysco,Consumer Staples,Food Distributors,"Houston, Texas",1986-12-31,0000096021,1969,43518656512,2022-05-04,85.76,91.61550230202374,0.06827777870829917,0.001112634827465058
TMUS,T-Mobile,Communication Services,Wireless Telecommunication Services,"Bellevue, Washington",2019-07-15,0001283699,1994,158263214080,2022-05-04,126.25,131.99237132248226,0.04548412928698817,0.00404629136111798
TROW,T. Rowe Price,Financials,Asset Management & Custody Banks,"Baltimore, Maryland",,0001113169,1937,29298644992,2022-05-04,128.61,135.1978027681661,0.05122309904491163,0.0007490739703015652
TTWO,Take-Two Interactive,Communication Services,Interactive Home Entertainment,"New York City, New York",2018-03-19,0000946581,1993,14010706944,2022-05-04,121.35,133.64337157865634,0.10130508099428388,0.0003582095991176201
TPR,Tapestry,Consumer Discretionary,"Apparel, Accessories & Luxury Goods","New York City, New York",,0001116132,2017,8643033088,2022-05-04,32.74,39.83434628975265,0.21668742485499845,0.00022097510353955816
TGT,Target,Consumer Discretionary,General Merchandise Stores,"Minneapolis, Minnesota",1976-12-31,0000027419,1902,107822743552,2022-05-04,232.54,244.5371585143089,0.05159180577237861,0.0027566875745741013
TEL,TE Connectivity,Information Technology,Electronic Manufacturing Services,"Schaffhausen, Switzerland",2011-10-17,0001385157,2007,40988327936,2022-05-04,126.97,130.58261261261262,0.0284524896637995,0.0010479423042064101
TDY,Teledyne,Industrials,Aerospace & Defense,"Thousand Oaks, California",2020-06-22,0001094285,1960,19547168768,2022-05-04,417.98,430.5050659630607,0.029965706404757844,0.0004997594708287223
TFX,Teleflex,Health Care,Health Care Equipment,"Wayne, Pennsylvania",2019-01-18,0000096943,1943,13359949824,2022-05-04,284.85,294.2623966417832,0.033043344362939,0.0003415717914745187
TER,Teradyne,Information Technology,Semiconductor Equipment,"North Reading, Massachusetts",2020-09-21,0000097210,1960,17668687872,2022-05-04,109.34,115.47082789742245,0.05607122642603301,0.00045173263739370926
TSLA,Tesla,Consumer Discretionary,Automobile Manufacturers,"Palo Alto, California",2020-12-21,0001318605,2003,941992050688,2022-05-04,909.25,925.434375,0.017799697552928286,0.02408376652210515
TXN,Texas Instruments,Information Technology,Semiconductors,"Dallas, Texas",,0000097476,1930,159104991232,2022-05-04,172.54,177.5035584137192,0.02876758093033035,0.004067812948670236
TXT,Textron,Industrials,Aerospace & Defense,"Providence, Rhode Island",1978-12-31,0000217346,1923,15071640576,2022-05-04,69.67,79.02070671378092,0.13421424879834826,0.0003853343268367927
TMO,Thermo Fisher Scientific,Health Care,Life Sciences Tools & Services,"Waltham, Massachusetts",2004-08-03,0000097745,2006,213850963968,2022-05-04,546.32,557.5405513784461,0.02053842322896121,0.005467494850907496
TJX,TJX Companies,Consumer Discretionary,Apparel Retail,"Framingham, Massachusetts",1985-09-30,0000109198,1987,72887762944,2022-05-04,62.02,67.14616252697161,0.08265337837748475,0.0018635102746140464
TSCO,Tractor Supply,Consumer Discretionary,Specialty Stores,"Brentwood, Tennessee",2014-01-24,0000916365,1938,23066187776,2022-05-04,205.68,213.1566681426479,0.03635097307782913,0.0005897296909740223
TT,Trane Technologies,Industrials,Building Products,"Dublin, Ireland",2010-11-17,0001466258,1871,32620959744,2022-05-04,139.5,148.38194158782395,0.06366983217078097,0.0008340150828530715
TDG,TransDigm,Industrials,Aerospace & Defense,"Cleveland, Ohio",2016-06-03,0001260221,1993,33511309312,2022-05-04,604.22,686.1891780821918,0.13566114673826052,0.0008567785139277902
TRV,Travelers,Financials,Property & Casualty Insurance,"New York City, New York",2002-08-21,0000086312,1853,41215696896,2022-05-04,171.76,175.14177533385703,0.019688957463070773,0.001053755411591992
TRMB,Trimble,Information Technology,Electronic Equipment & Instruments,"Sunnyvale, California",2021-01-21,0000864749,1978,16817352704,2022-05-04,67.17,68.46092350376536,0.019218750986532022,0.0004299666815099052
TFC,Truist,Financials,Regional Banks,"Charlotte, North Carolina",1997-12-04,0000092230,1872,66051252224,2022-05-04,49.61,64.55159195870688,0.3011810513748615,0.001688722251842416
TWTR,Twitter,Communication Services,Interactive Media & Services,"San Francisco, California",2018-06-07,0001418091,2006,37316055040,2022-05-04,48.87,51.64529792691858,0.056789398954748986,0.0009540538653728512
TYL,Tyler Technologies,Information Technology,Application Software,"Plano, Texas",2020-06-22,0000860731,1966,16062763008,2022-05-04,387.3,394.74523912729376,0.01922344210507035,0.00041067420229505715
TSN,Tyson,Consumer Staples,Packaged Foods & Meats,"Springdale, Arkansas",2005-08-10,0000100493,1935,32658184192,2022-05-04,90.1,96.96849315068494,0.07623188846487171,0.0008349667946152795
USB,U.S. Bank,Financials,Diversified Banks,"Minneapolis, Minnesota",,0000036104,1968,73512419328,2022-05-04,49.47,68.61238410596026,0.386949345178093,0.0018794807687363808
UDR,UDR,Real Estate,Residential REITs,"Highlands Ranch, Colorado",2016-03-07,0000074208,1972,27871739904,2022-05-04,51.83,51.83327877746019,6.326022496987391e-05,0.0007125925064043946
ULTA,Ulta Beauty,Consumer Discretionary,Specialty Stores,"Bolingbrook, Illinois",2016-04-18,0001403568,1990,20955080704,2022-05-04,401.23,408.8603971144666,0.01901751393082914,0.0005357553397169405
UAA,Under Armour (Class A),Consumer Discretionary,"Apparel, Accessories & Luxury Goods","Baltimore, Maryland",2014-05-01,0001336917,1996,7006545920,2022-05-04,15.33,19.006488529781606,0.23982312653500365,0.00017913528669423842
UA,Under Armour (Class C),Consumer Discretionary,"Apparel, Accessories & Luxury Goods","Baltimore, Maryland",2016-04-08,0001336917,1996,7044997632,2022-05-04,14.24,17.916488529781606,0.25818037428241614,0.00018011837572721578
UNP,Union Pacific,Industrials,Railroads,"Omaha, Nebraska",1957-03-04,0000100885,1862,145764614144,2022-05-04,232.1,233.51363569430129,0.0060906320305958266,0.0037267415703400512
UAL,United Airlines,Industrials,Airlines,"Chicago, Illinois",2015-09-03,0000100517,1967,16787439616,2022-05-04,51.38,110.008441688023,1.1410751593620667,0.0004292018981693016
UNH,UnitedHealth Group,Health Care,Managed Health Care,"Minnetonka, Minnesota",1994-07-01,0000731766,1977,469117698048,2022-05-04,499.62,521.8624557752341,0.044518745797274197,0.011993860354685243
UPS,United Parcel Service,Industrials,Air Freight & Logistics,"Sandy Springs, Georgia",2002-07-22,0001090727,1907,155146436608,2022-05-04,178.12,189.89382319173365,0.06610051196796339,0.003966605188732363
URI,United Rentals,Industrials,Trading Companies & Distributors,"Stamford, Connecticut",2014-09-20,0001067701,1997,22556422144,2022-05-04,312.45,314.42530864197533,0.0063219991741889775,0.0005766965911159985
UHS,Universal Health Services,Health Care,Health Care Facilities,"King of Prussia, Pennsylvania",2014-09-20,0000352915,1979,9314501632,2022-05-04,125.11,126.45717889399091,0.010767955351218245,0.00023814243698873404
VLO,Valero,Energy,Oil & Gas Refining & Marketing,"San Antonio, Texas",,0001035002,1980,49703223296,2022-05-04,121.4,131.52776412776413,0.08342474569822177,0.0012707546994506402
VTR,Ventas,Real Estate,Health Care REITs,"Chicago, Illinois",2009-03-04,0000740260,1998,23119933440,2022-05-04,57.87,58.26767279410788,0.006871829861895343,0.0005911037981359736
VRSN,Verisign,Information Technology,Internet Services & Infrastructure,"Dulles, Virginia",2006-02-01,0001014473,1995,20098699264,2022-05-04,183.14,185.07834238234835,0.01058393787456791,0.0005138603665695976
VRSK,Verisk,Industrials,Research & Consulting Services,"Jersey City, New Jersey",2015-10-08,0001442145,1971,31770650624,2022-05-04,200.12,201.81549236569026,0.008472378401410435,0.0008122753597813749
VZ,Verizon,Communication Services,Integrated Telecommunication Services,"New York City, New York",1983-11-30,0000732712,1983,198097010688,2022-05-04,47.17,47.87521487204249,0.014950495485318837,0.005064715939643266
VRTX,Vertex,Health Care,Biotechnology,"Cambridge, Massachusetts",2013-09-23,0000875320,1989,68766752768,2022-05-04,269.11,294.90765827878937,0.09586287495369683,0.0017581490384533857
VFC,VF Corporation,Consumer Discretionary,"Apparel, Accessories & Luxury Goods","Denver, Colorado",1979-06-30,0000103379,1899,20203460608,2022-05-04,51.95,54.03035274825883,0.04004528870565592,0.0005165387838105873
VTRS,Viatris,Health Care,Pharmaceuticals,"Pittsburgh, Pennsylvania",2004-04-23,0001792044,1961,12607920128,2022-05-04,10.4,11.566333998669329,0.1121474998720508,0.0003223447633876835
V,Visa,Information Technology,Data Processing & Outsourced Services,"San Francisco, California",2009-12-21,0001403161,1958,448798162944,2022-05-04,208.56,216.09519195612432,0.036129612371136946,0.011474353912008753
VNO,Vornado Realty Trust,Real Estate,Office REITs,"New York City, New York",2005,0000899689,1982,7974376448,2022-05-04,38.71,47.918798510039444,0.2378919790761933,0.00020387966160939148
VMC,Vulcan Materials,Materials,Construction Materials,"Birmingham, Alabama",1999-06-30,0001396009,1909,23512934400,2022-05-04,176.93,178.6936684303351,0.009968170634347412,0.0006011515935039816
WAB,Wabtec,Industrials,Construction Machinery & Heavy Trucks,"Pittsburgh, Pennsylvania",2019-02-27,0000943452,1999,16823707648,2022-05-04,92.11,94.59424369747899,0.026970401666257603,0.00043012915739008405
WMT,Walmart,Consumer Staples,Hypermarkets & Super Centers,"Bentonville, Arkansas",1982-08-31,0000104169,1962,419826466816,2022-05-04,152.51,157.7720320855615,0.034502865946898664,0.01073363899325066
WBA,Walgreens Boots Alliance,Consumer Staples,Drug Retail,"Deerfield, Illinois",1979-12-31,0001618921,2014,37090410496,2022-05-04,42.94,44.316962142197596,0.03206712021885418,0.0009482848458670988
WBD,Warner Bros. Discovery,Communication Services,Broadcasting,"New York City, New York",2022-04-11,0001437107,2022,46765207552,2022-05-04,19.27,25.081011904761905,0.301557441866212,0.0011956389007928008
WM,Waste Management,Industrials,Environmental & Facilities Services,"Houston, Texas",,0000823768,1968,66154934272,2022-05-04,159.33,159.60758174547166,0.0017421812933637749,0.0016913730748878354
WAT,Waters,Health Care,Health Care Distributors,"Milford, Massachusetts",,0001000697,1958,19748370432,2022-05-04,326.93,336.051110648252,0.027899277057021377,0.0005049035629642089
WEC,WEC Energy Group,Utilities,Electric Utilities,"Milwaukee, Wisconsin",2008-10-31,0000783325,1896,31404707840,2022-05-04,99.56,99.61150078988942,0.0005172839482665415,0.0008029193566560107
WFC,Wells Fargo,Financials,Diversified Banks,"San Francisco, California",1976-06-30,0000072971,1852,167361544192,2022-05-04,44.16,100.8166687630013,1.2829861585824571,0.00427890697395506
WELL,Welltower,Real Estate,Health Care REITs,"Toledo, Ohio",2009-01-30,0000766704,1970,41170268160,2022-05-04,90.69,91.33512071530738,0.007113471334296894,0.0010525939420547286
WST,West Pharmaceutical Services,Health Care,Health Care Supplies,"Exton, Pennsylvania",2020-05-22,0000105770,1923,22785568768,2022-05-04,306.45,316.51068601583114,0.03282977978734264,0.0005825551477648725
WDC,Western Digital,Information Technology,"Technology Hardware, Storage & Peripherals","San Jose, California",2009-07-01,0000106040,1970,19313299456,2022-05-04,61.72,72.62614886731392,0.17670364334598052,0.0004937801699388903
WRK,WestRock,Materials,Paper Packaging,"Atlanta, Georgia",,0001732845,2015,13468659712,2022-05-04,51.17,52.25747663551402,0.021252230516201197,0.00034435116053535526
WY,Weyerhaeuser,Real Estate,Specialized REITs,"Seattle, Washington",,0000106535,1900,30757982208,2022-05-04,41.17,43.68237132286579,0.06102432166300192,0.0007863846214493038
WHR,Whirlpool,Consumer Discretionary,Household Appliances,"Benton Harbor, Michigan",,0000106640,1911,10702622720,2022-05-04,190.43,235.84864139020536,0.2385057049320241,0.00027363231629651117
WMB,Williams,Energy,Oil & Gas Storage & Transportation,"Tulsa, Oklahoma",1975-03-31,0000107263,1908,42983215104,2022-05-04,35.31,36.692528298626115,0.039154015820620586,0.0010989452789735173
WTW,Willis Towers Watson,Financials,Insurance Brokers,"London, England",2016-01-05,0001140536,2016,25196466176,2022-05-04,213.99,250.03615384615384,0.16844784263822526,0.0006441941926385663
WYNN,Wynn Resorts,Consumer Discretionary,Casinos & Gaming,"Paradise, Nevada",2008-11-14,0001174922,2002,8310161920,2022-05-04,71.69,97.4795358096398,0.3597368644112122,0.0002124646373565397
XEL,Xcel Energy,Utilities,Multi-Utilities,"Minneapolis, Minnesota",1957-03-04,0000072903,1909,39285817344,2022-05-04,72.13,72.44439393939393,0.0043587125938435835,0.00100441447658919
XYL,Xylem,Industrials,Industrial Machinery,"White Plains, New York",2011-11-01,0001524472,2011,14834259968,2022-05-04,82.37,89.81892324682497,0.09043247841234625,0.00037926525317977846
YUM,Yum! Brands,Consumer Discretionary,Restaurants,"Louisville, Kentucky",1997-10-06,0001041061,1997,33163173888,2022-05-04,115.07,116.65306188925081,0.013757381500398142,0.0008478777888488827
ZBRA,Zebra,Information Technology,Electronic Equipment & Instruments,"Lincolnshire, Illinois",2019-12-23,0000877212,1969,19441547264,2022-05-04,368.14,374.2980414979658,0.01672744471659104,0.0004970590620087203
ZBH,Zimmer Biomet,Health Care,Health Care Equipment,"Warsaw, Indiana",2001-08-07,0001136869,1927,25260978176,2022-05-04,120.68,122.99159420289855,0.019154741489049942,0.0006458435610644881
ZION,Zions Bancorp,Financials,Regional Banks,"Salt Lake City, Utah",2001-06-22,0000109380,1873,8697969664,2022-05-04,57.47,123.15324950336024,1.1429136854595483,0.0002223796585662609
ZTS,Zoetis,Health Care,Pharmaceuticals,"Parsippany, New Jersey",2013-06-21,0001555280,1952,82534899712,2022-05-04,175.14,182.41585781778593,0.04154309591061978,0.002110157143191796
